CustomerID,idade,sexo,tempo_como_cliente,frequencia_uso,ligacoes_callcenter,dias_atraso,assinatura,duracao_contrato,total_gasto,meses_ultima_interacao,cancelou
2.0,30.0,Female,39.0,14.0,5.0,18.0,Standard,Annual,932.0,17.0,1.0
3.0,65.0,Female,49.0,1.0,10.0,8.0,Basic,Monthly,557.0,6.0,1.0
4.0,55.0,Female,14.0,4.0,6.0,18.0,Basic,Quarterly,185.0,3.0,1.0
5.0,58.0,Male,38.0,21.0,7.0,7.0,Standard,Monthly,396.0,29.0,1.0
6.0,23.0,Male,32.0,20.0,5.0,8.0,Basic,Monthly,617.0,20.0,1.0
8.0,51.0,Male,33.0,25.0,9.0,26.0,Premium,Annual,129.0,8.0,1.0
9.0,58.0,Female,49.0,12.0,3.0,16.0,Standard,Quarterly,821.0,24.0,1.0
10.0,55.0,Female,37.0,8.0,4.0,15.0,Premium,Annual,445.0,30.0,1.0
11.0,39.0,Male,12.0,5.0,7.0,4.0,Standard,Quarterly,969.0,13.0,1.0
12.0,64.0,Female,3.0,25.0,2.0,11.0,Standard,Quarterly,415.0,29.0,1.0
13.0,29.0,Male,18.0,9.0,0.0,30.0,Premium,Quarterly,930.0,18.0,1.0
14.0,52.0,Female,21.0,6.0,3.0,26.0,Premium,,830.0,19.0,1.0
15.0,22.0,Male,41.0,17.0,10.0,25.0,Basic,Quarterly,265.0,23.0,1.0
16.0,48.0,Female,35.0,25.0,1.0,13.0,Basic,Annual,518.0,17.0,1.0
17.0,24.0,Male,4.0,9.0,4.0,22.0,,Quarterly,204.0,4.0,1.0
18.0,49.0,Male,56.0,17.0,2.0,30.0,Standard,Quarterly,975.0,17.0,1.0
19.0,19.0,Female,38.0,23.0,7.0,11.0,Basic,Quarterly,978.0,3.0,1.0
20.0,47.0,Male,41.0,,1.0,5.0,,Annual,151.0,19.0,1.0
21.0,24.0,Male,44.0,13.0,5.0,4.0,,Monthly,669.0,13.0,1.0
22.0,42.0,Male,15.0,16.0,2.0,14.0,Premium,Quarterly,262.0,16.0,1.0
23.0,57.0,Female,55.0,27.0,3.0,3.0,Basic,Annual,212.0,10.0,1.0
24.0,39.0,Female,43.0,2.0,4.0,15.0,Basic,Monthly,577.0,6.0,1.0
25.0,27.0,Male,44.0,28.0,8.0,18.0,Standard,Annual,436.0,30.0,1.0
26.0,27.0,Female,,8.0,7.0,3.0,Standard,Monthly,434.0,19.0,1.0
27.0,59.0,Male,26.0,21.0,0.0,10.0,Premium,Monthly,822.0,17.0,1.0
28.0,21.0,Male,2.0,21.0,7.0,22.0,Basic,Annual,435.0,21.0,1.0
29.0,60.0,Female,18.0,16.0,8.0,28.0,Basic,Quarterly,830.0,22.0,1.0
30.0,65.0,Female,29.0,29.0,0.0,5.0,Premium,Annual,857.0,18.0,1.0
31.0,35.0,Female,38.0,20.0,6.0,2.0,Premium,Annual,574.0,19.0,1.0
32.0,18.0,Male,37.0,15.0,8.0,6.0,Premium,Monthly,800.0,29.0,1.0
33.0,56.0,Female,59.0,5.0,10.0,27.0,Standard,Quarterly,424.0,2.0,1.0
35.0,35.0,Male,40.0,27.0,8.0,28.0,Premium,Monthly,232.0,17.0,1.0
36.0,29.0,Male,43.0,12.0,2.0,10.0,Premium,Annual,289.0,6.0,1.0
37.0,20.0,Male,37.0,24.0,7.0,5.0,Standard,Annual,371.0,20.0,1.0
38.0,63.0,Female,51.0,3.0,5.0,12.0,Standard,Annual,288.0,15.0,1.0
39.0,22.0,Female,39.0,8.0,2.0,4.0,Standard,Annual,939.0,21.0,1.0
40.0,25.0,Female,53.0,2.0,10.0,13.0,Basic,Quarterly,336.0,13.0,1.0
42.0,28.0,Male,24.0,24.0,8.0,6.0,Standard,Monthly,572.0,28.0,1.0
43.0,51.0,Male,30.0,4.0,10.0,29.0,Premium,Monthly,770.0,23.0,1.0
44.0,32.0,Male,6.0,22.0,3.0,12.0,Basic,Monthly,413.0,20.0,1.0
45.0,38.0,Female,28.0,23.0,6.0,17.0,Basic,Quarterly,993.0,28.0,1.0
46.0,52.0,Male,17.0,26.0,4.0,6.0,Basic,Monthly,871.0,26.0,1.0
48.0,37.0,Male,30.0,30.0,7.0,13.0,Basic,Quarterly,929.0,13.0,1.0
49.0,31.0,Female,4.0,29.0,7.0,22.0,Standard,Annual,488.0,6.0,1.0
50.0,30.0,Male,24.0,7.0,6.0,13.0,Standard,Annual,874.0,3.0,1.0
51.0,23.0,Female,26.0,21.0,7.0,24.0,Basic,Quarterly,988.0,20.0,1.0
52.0,35.0,Male,37.0,11.0,7.0,13.0,Standard,Monthly,631.0,7.0,1.0
53.0,21.0,Female,56.0,11.0,9.0,9.0,Basic,Quarterly,626.0,1.0,1.0
54.0,56.0,Female,44.0,11.0,2.0,11.0,Standard,Annual,583.0,9.0,1.0
55.0,53.0,Female,18.0,21.0,1.0,23.0,Basic,Quarterly,717.0,15.0,1.0
56.0,41.0,Female,18.0,27.0,10.0,3.0,Basic,Monthly,111.0,19.0,1.0
57.0,33.0,Male,6.0,12.0,7.0,29.0,Standard,Quarterly,869.0,10.0,1.0
58.0,18.0,Male,55.0,29.0,9.0,21.0,Standard,Quarterly,296.0,22.0,1.0
59.0,26.0,Male,60.0,9.0,10.0,1.0,Standard,Monthly,643.0,2.0,1.0
60.0,42.0,Female,7.0,9.0,1.0,11.0,Basic,Annual,196.0,18.0,1.0
61.0,36.0,Male,2.0,15.0,3.0,29.0,Premium,Monthly,501.0,4.0,1.0
62.0,22.0,Female,43.0,16.0,8.0,21.0,Standard,Monthly,966.0,30.0,1.0
63.0,47.0,Male,59.0,24.0,6.0,26.0,Premium,Annual,288.0,26.0,1.0
64.0,30.0,Male,52.0,23.0,1.0,27.0,Basic,Annual,400.0,20.0,1.0
66.0,21.0,Female,51.0,1.0,8.0,6.0,Premium,Annual,618.0,13.0,1.0
67.0,27.0,Female,40.0,17.0,3.0,1.0,Basic,Annual,999.0,17.0,1.0
68.0,27.0,Male,34.0,13.0,4.0,26.0,Basic,Quarterly,214.0,6.0,1.0
69.0,32.0,Male,3.0,5.0,1.0,6.0,Standard,Annual,282.0,20.0,1.0
70.0,44.0,Female,43.0,1.0,8.0,28.0,Standard,Monthly,548.0,28.0,1.0
71.0,38.0,Male,10.0,9.0,6.0,5.0,Premium,Annual,820.0,18.0,1.0
72.0,34.0,Female,5.0,18.0,3.0,29.0,Premium,Quarterly,575.0,10.0,1.0
73.0,42.0,Male,29.0,23.0,0.0,6.0,Premium,Monthly,736.0,5.0,1.0
74.0,61.0,Male,41.0,4.0,7.0,23.0,Basic,Quarterly,753.0,23.0,1.0
75.0,22.0,Male,45.0,13.0,5.0,16.0,Basic,Quarterly,538.0,26.0,1.0
76.0,59.0,Female,53.0,13.0,0.0,4.0,Standard,Quarterly,688.0,14.0,1.0
77.0,53.0,Male,54.0,18.0,10.0,0.0,Basic,Monthly,679.0,1.0,1.0
78.0,37.0,Male,17.0,23.0,9.0,23.0,Premium,Quarterly,530.0,19.0,1.0
79.0,65.0,Female,33.0,28.0,9.0,22.0,Premium,Monthly,383.0,17.0,1.0
80.0,61.0,Female,6.0,7.0,4.0,26.0,Standard,Annual,369.0,20.0,1.0
81.0,40.0,Female,58.0,8.0,2.0,10.0,Basic,Monthly,760.0,28.0,1.0
82.0,63.0,Female,38.0,19.0,7.0,21.0,Standard,Quarterly,768.0,7.0,1.0
83.0,19.0,Male,53.0,3.0,6.0,17.0,Standard,Monthly,808.0,19.0,1.0
84.0,45.0,Female,25.0,4.0,8.0,13.0,Premium,Quarterly,681.0,26.0,1.0
85.0,59.0,Male,17.0,21.0,1.0,24.0,Standard,Quarterly,858.0,2.0,1.0
86.0,55.0,Female,54.0,2.0,5.0,0.0,Standard,Monthly,159.0,29.0,1.0
87.0,44.0,Male,13.0,12.0,7.0,7.0,Standard,Monthly,624.0,15.0,1.0
88.0,61.0,Male,7.0,12.0,7.0,2.0,Premium,Annual,925.0,9.0,1.0
89.0,46.0,Male,41.0,12.0,3.0,25.0,Premium,Annual,531.0,11.0,1.0
90.0,22.0,Male,45.0,17.0,3.0,28.0,Basic,Quarterly,769.0,3.0,1.0
92.0,46.0,Female,47.0,4.0,5.0,10.0,Standard,Annual,299.0,5.0,1.0
93.0,64.0,Male,31.0,20.0,9.0,24.0,Premium,Quarterly,785.0,16.0,1.0
94.0,28.0,Female,22.0,16.0,1.0,7.0,Standard,Monthly,389.0,16.0,1.0
95.0,35.0,Female,19.0,28.0,4.0,28.0,Basic,Quarterly,507.0,5.0,1.0
96.0,55.0,Female,34.0,6.0,2.0,7.0,Basic,Annual,392.0,5.0,1.0
97.0,35.0,Male,3.0,17.0,6.0,23.0,Basic,Annual,392.0,7.0,1.0
98.0,45.0,Female,23.0,4.0,5.0,1.0,Premium,Quarterly,699.0,12.0,1.0
99.0,24.0,Male,1.0,20.0,0.0,17.0,Basic,Quarterly,268.0,4.0,1.0
100.0,44.0,Female,8.0,11.0,7.0,26.0,Premium,Monthly,139.0,3.0,1.0
102.0,60.0,Male,55.0,7.0,3.0,18.0,Standard,Monthly,871.0,4.0,1.0
103.0,40.0,Female,46.0,24.0,3.0,1.0,Basic,Monthly,404.0,28.0,1.0
104.0,26.0,Male,15.0,11.0,0.0,20.0,Basic,Annual,269.0,1.0,1.0
105.0,58.0,Female,28.0,17.0,0.0,24.0,Premium,Quarterly,820.0,29.0,1.0
106.0,56.0,Female,16.0,11.0,5.0,18.0,Premium,Monthly,590.0,27.0,1.0
107.0,42.0,Female,12.0,6.0,8.0,25.0,Basic,Monthly,566.0,11.0,1.0
108.0,52.0,Male,29.0,2.0,2.0,4.0,Basic,Annual,435.0,27.0,1.0
109.0,32.0,Male,13.0,6.0,4.0,11.0,Basic,Annual,649.0,8.0,1.0
110.0,38.0,Female,3.0,11.0,5.0,16.0,Standard,Quarterly,212.0,4.0,1.0
111.0,60.0,Male,50.0,10.0,2.0,4.0,Standard,Quarterly,552.0,8.0,1.0
112.0,48.0,Male,4.0,7.0,9.0,29.0,Standard,Quarterly,421.0,4.0,1.0
113.0,52.0,Female,1.0,29.0,2.0,19.0,Basic,Annual,202.0,22.0,1.0
114.0,55.0,Male,59.0,15.0,3.0,3.0,Standard,Annual,236.0,22.0,1.0
115.0,59.0,Female,37.0,11.0,0.0,11.0,Standard,Quarterly,545.0,10.0,1.0
116.0,26.0,Male,37.0,30.0,4.0,13.0,Standard,Monthly,414.0,1.0,1.0
117.0,53.0,Female,14.0,2.0,2.0,5.0,Premium,Monthly,336.0,18.0,1.0
118.0,60.0,Female,35.0,26.0,10.0,16.0,Basic,Monthly,882.0,29.0,1.0
119.0,28.0,Male,33.0,14.0,7.0,29.0,Basic,Monthly,856.0,6.0,1.0
120.0,60.0,Female,52.0,6.0,2.0,6.0,Standard,Quarterly,382.0,7.0,1.0
121.0,30.0,Female,8.0,6.0,10.0,14.0,Standard,Monthly,365.0,9.0,1.0
122.0,27.0,Male,48.0,1.0,4.0,27.0,Premium,Annual,330.0,8.0,1.0
123.0,21.0,Male,34.0,10.0,7.0,17.0,Premium,Monthly,867.0,29.0,1.0
124.0,25.0,Female,43.0,19.0,7.0,10.0,Basic,Annual,832.0,27.0,1.0
125.0,32.0,Female,18.0,14.0,5.0,15.0,Basic,Annual,552.0,27.0,1.0
126.0,46.0,Female,8.0,30.0,0.0,9.0,Standard,Monthly,672.0,10.0,1.0
127.0,44.0,Female,22.0,7.0,7.0,4.0,Basic,Annual,866.0,13.0,1.0
128.0,27.0,Female,49.0,19.0,1.0,1.0,Standard,Quarterly,604.0,21.0,1.0
129.0,60.0,Female,53.0,23.0,1.0,10.0,Standard,Quarterly,917.0,12.0,1.0
130.0,57.0,Male,58.0,20.0,0.0,6.0,Standard,Monthly,801.0,2.0,1.0
131.0,42.0,Female,37.0,12.0,8.0,21.0,Premium,Annual,985.0,23.0,1.0
132.0,31.0,Female,40.0,7.0,5.0,0.0,Premium,Annual,295.0,7.0,1.0
133.0,38.0,Female,55.0,25.0,10.0,16.0,Standard,Quarterly,153.0,12.0,1.0
134.0,27.0,Male,28.0,27.0,8.0,28.0,Standard,Annual,326.0,12.0,1.0
135.0,18.0,Female,46.0,30.0,0.0,5.0,Basic,Quarterly,269.0,10.0,1.0
136.0,40.0,Female,31.0,30.0,9.0,18.0,Basic,Annual,537.0,27.0,1.0
137.0,58.0,Male,32.0,6.0,4.0,5.0,Premium,Annual,684.0,28.0,1.0
138.0,24.0,Male,44.0,11.0,10.0,0.0,Basic,Quarterly,341.0,10.0,1.0
139.0,60.0,Male,11.0,14.0,8.0,27.0,Standard,Monthly,344.0,15.0,1.0
140.0,39.0,Female,8.0,19.0,10.0,1.0,Standard,Quarterly,890.0,20.0,1.0
141.0,51.0,Male,2.0,6.0,1.0,23.0,Standard,Quarterly,959.0,23.0,1.0
142.0,49.0,Male,18.0,18.0,8.0,20.0,Basic,Quarterly,517.0,1.0,1.0
143.0,52.0,Male,25.0,26.0,9.0,17.0,Standard,Quarterly,658.0,1.0,1.0
144.0,36.0,Female,5.0,6.0,0.0,6.0,Premium,Quarterly,787.0,9.0,0.0
145.0,40.0,Female,46.0,3.0,6.0,28.0,Standard,Quarterly,833.0,26.0,1.0
146.0,21.0,Female,42.0,24.0,5.0,28.0,Basic,Annual,877.0,12.0,1.0
147.0,56.0,Female,7.0,22.0,7.0,15.0,Basic,Monthly,584.0,3.0,1.0
148.0,63.0,Male,35.0,13.0,5.0,9.0,Premium,Annual,947.0,10.0,1.0
149.0,53.0,Female,51.0,4.0,9.0,1.0,Basic,Quarterly,325.0,18.0,1.0
150.0,30.0,Male,55.0,26.0,5.0,9.0,Standard,Monthly,376.0,18.0,1.0
151.0,54.0,Female,54.0,4.0,4.0,15.0,Standard,Monthly,855.0,27.0,1.0
152.0,55.0,Female,10.0,15.0,6.0,22.0,Standard,Quarterly,860.0,26.0,1.0
153.0,28.0,Male,54.0,26.0,2.0,12.0,Basic,Annual,288.0,16.0,1.0
154.0,56.0,Female,22.0,19.0,2.0,26.0,Basic,Monthly,398.0,26.0,1.0
155.0,48.0,Male,49.0,20.0,1.0,7.0,Standard,Quarterly,953.0,30.0,0.0
156.0,40.0,Female,17.0,2.0,1.0,4.0,Basic,Quarterly,761.0,30.0,1.0
157.0,63.0,Female,15.0,16.0,4.0,17.0,Standard,Quarterly,770.0,3.0,1.0
158.0,59.0,Female,16.0,2.0,6.0,5.0,Standard,Monthly,183.0,27.0,1.0
159.0,56.0,Male,14.0,21.0,3.0,25.0,Basic,Quarterly,374.0,18.0,1.0
160.0,29.0,Female,42.0,13.0,2.0,1.0,Standard,Monthly,285.0,21.0,1.0
161.0,22.0,Male,23.0,29.0,10.0,17.0,Basic,Annual,294.0,28.0,1.0
162.0,24.0,Male,14.0,22.0,2.0,17.0,Basic,Quarterly,594.0,18.0,0.0
163.0,55.0,Male,33.0,27.0,5.0,6.0,Standard,Quarterly,505.0,19.0,1.0
164.0,32.0,Female,59.0,9.0,6.0,23.0,Standard,Quarterly,616.0,1.0,1.0
165.0,61.0,Male,49.0,27.0,0.0,2.0,Basic,Monthly,937.0,25.0,1.0
166.0,63.0,Male,58.0,26.0,7.0,9.0,Premium,Quarterly,109.0,3.0,1.0
167.0,56.0,Female,18.0,23.0,2.0,15.0,Basic,Monthly,411.0,17.0,1.0
168.0,63.0,Male,13.0,17.0,10.0,6.0,Standard,Monthly,890.0,8.0,1.0
169.0,51.0,Male,49.0,9.0,6.0,16.0,Premium,Annual,338.0,18.0,1.0
170.0,64.0,Male,26.0,24.0,10.0,8.0,Premium,Quarterly,609.0,3.0,1.0
171.0,54.0,Female,27.0,9.0,4.0,4.0,Premium,Monthly,226.0,8.0,1.0
172.0,43.0,Male,49.0,22.0,8.0,29.0,Basic,Quarterly,261.0,11.0,1.0
173.0,24.0,Male,31.0,24.0,9.0,25.0,Premium,Annual,900.0,1.0,1.0
174.0,44.0,Male,40.0,8.0,10.0,4.0,Basic,Annual,503.0,25.0,1.0
175.0,22.0,Male,39.0,3.0,4.0,16.0,Standard,Annual,443.0,4.0,1.0
176.0,50.0,Female,9.0,30.0,2.0,8.0,Premium,Quarterly,537.0,25.0,1.0
177.0,43.0,Male,59.0,8.0,9.0,27.0,Premium,Monthly,535.0,22.0,1.0
178.0,46.0,Male,55.0,7.0,3.0,7.0,Standard,Monthly,971.0,21.0,1.0
179.0,40.0,Female,51.0,30.0,8.0,19.0,Premium,Quarterly,351.0,12.0,1.0
180.0,34.0,Female,19.0,17.0,1.0,5.0,Premium,Quarterly,201.0,1.0,1.0
181.0,64.0,Male,17.0,7.0,10.0,3.0,Basic,Monthly,966.0,15.0,1.0
182.0,23.0,Male,49.0,23.0,1.0,20.0,Standard,Monthly,875.0,29.0,1.0
183.0,18.0,Male,3.0,2.0,4.0,25.0,Standard,Annual,228.0,5.0,1.0
184.0,47.0,Female,14.0,21.0,8.0,15.0,Premium,Monthly,165.0,15.0,1.0
185.0,48.0,Male,3.0,30.0,1.0,10.0,Premium,Annual,850.0,29.0,0.0
186.0,18.0,Female,27.0,23.0,1.0,11.0,Premium,Annual,729.0,19.0,1.0
187.0,55.0,Female,12.0,13.0,1.0,7.0,Standard,Annual,167.0,11.0,1.0
188.0,56.0,Male,39.0,20.0,1.0,29.0,Basic,Quarterly,693.0,9.0,1.0
189.0,21.0,Female,11.0,14.0,8.0,19.0,Standard,Annual,854.0,6.0,1.0
190.0,47.0,Male,2.0,4.0,8.0,11.0,Standard,Quarterly,426.0,1.0,1.0
191.0,40.0,Female,16.0,19.0,7.0,17.0,Basic,Quarterly,868.0,10.0,1.0
192.0,48.0,Female,2.0,30.0,1.0,19.0,Premium,Monthly,408.0,8.0,1.0
193.0,37.0,Male,41.0,19.0,10.0,7.0,Premium,Monthly,152.0,15.0,1.0
194.0,63.0,Male,48.0,10.0,3.0,9.0,Basic,Monthly,448.0,18.0,1.0
195.0,51.0,Female,37.0,4.0,5.0,24.0,Premium,Monthly,326.0,4.0,1.0
196.0,32.0,Female,35.0,9.0,1.0,15.0,Premium,Quarterly,951.0,4.0,0.0
197.0,51.0,Female,5.0,17.0,9.0,14.0,Standard,Monthly,195.0,16.0,1.0
198.0,54.0,Male,38.0,7.0,7.0,14.0,Basic,Quarterly,715.0,8.0,1.0
199.0,18.0,Female,55.0,30.0,0.0,2.0,Basic,Quarterly,101.0,28.0,1.0
200.0,46.0,Male,38.0,16.0,8.0,17.0,Basic,Quarterly,495.0,24.0,1.0
201.0,39.0,Female,7.0,21.0,4.0,27.0,Basic,Monthly,536.0,11.0,1.0
202.0,59.0,Female,24.0,24.0,2.0,3.0,Basic,Annual,516.0,25.0,1.0
203.0,42.0,Female,12.0,19.0,6.0,7.0,Premium,Quarterly,969.0,21.0,1.0
204.0,56.0,Male,15.0,18.0,3.0,11.0,Premium,Annual,471.0,12.0,1.0
205.0,50.0,Male,38.0,7.0,4.0,11.0,Premium,Monthly,902.0,12.0,1.0
206.0,62.0,Male,6.0,27.0,8.0,3.0,Standard,Annual,499.0,28.0,1.0
207.0,49.0,Male,44.0,6.0,8.0,26.0,Basic,Quarterly,378.0,4.0,1.0
208.0,57.0,Female,46.0,19.0,3.0,5.0,Premium,Monthly,553.0,30.0,1.0
209.0,63.0,Male,39.0,20.0,3.0,8.0,Premium,Annual,165.0,27.0,1.0
210.0,42.0,Female,58.0,1.0,3.0,10.0,Standard,Quarterly,733.0,2.0,0.0
211.0,32.0,Female,2.0,10.0,3.0,16.0,Basic,Quarterly,103.0,3.0,1.0
212.0,42.0,Male,45.0,28.0,4.0,30.0,Premium,Monthly,335.0,6.0,1.0
213.0,52.0,Female,56.0,14.0,10.0,29.0,Standard,Quarterly,719.0,4.0,1.0
214.0,37.0,Male,45.0,9.0,7.0,29.0,Standard,Quarterly,460.0,11.0,1.0
215.0,37.0,Female,55.0,10.0,9.0,15.0,Basic,Quarterly,272.0,16.0,1.0
216.0,51.0,Female,9.0,16.0,6.0,19.0,Standard,Monthly,995.0,30.0,1.0
217.0,50.0,Female,55.0,27.0,8.0,10.0,Premium,Quarterly,777.0,14.0,1.0
218.0,61.0,Female,10.0,20.0,8.0,27.0,Basic,Quarterly,836.0,18.0,1.0
219.0,65.0,Male,44.0,4.0,10.0,28.0,Standard,Quarterly,890.0,15.0,1.0
220.0,35.0,Male,21.0,26.0,7.0,13.0,Basic,Monthly,570.0,17.0,1.0
221.0,33.0,Female,43.0,12.0,10.0,13.0,Standard,Annual,204.0,9.0,1.0
222.0,27.0,Female,40.0,6.0,6.0,2.0,Basic,Annual,595.0,10.0,1.0
223.0,38.0,Female,47.0,11.0,3.0,5.0,Basic,Monthly,788.0,4.0,1.0
224.0,65.0,Male,33.0,13.0,2.0,23.0,Standard,Annual,142.0,27.0,1.0
225.0,47.0,Female,37.0,1.0,5.0,8.0,Premium,Quarterly,798.0,19.0,1.0
226.0,20.0,Male,7.0,7.0,2.0,16.0,Basic,Quarterly,867.0,24.0,0.0
227.0,60.0,Male,14.0,13.0,1.0,21.0,Standard,Quarterly,904.0,6.0,1.0
228.0,44.0,Male,2.0,27.0,7.0,12.0,Premium,Quarterly,936.0,3.0,1.0
229.0,25.0,Male,19.0,6.0,9.0,1.0,Standard,Quarterly,759.0,4.0,1.0
230.0,46.0,Female,43.0,7.0,10.0,27.0,Basic,Annual,134.0,1.0,1.0
231.0,31.0,Male,46.0,13.0,3.0,20.0,Basic,Annual,211.0,7.0,1.0
232.0,34.0,Female,21.0,13.0,1.0,27.0,Premium,Quarterly,910.0,21.0,1.0
233.0,60.0,Female,44.0,25.0,7.0,23.0,Basic,Quarterly,944.0,30.0,1.0
234.0,33.0,Female,40.0,26.0,3.0,22.0,Standard,Annual,293.0,30.0,1.0
235.0,54.0,Female,19.0,26.0,2.0,3.0,Premium,Quarterly,656.0,20.0,1.0
236.0,33.0,Female,1.0,1.0,7.0,18.0,Basic,Monthly,411.0,16.0,1.0
237.0,45.0,Female,53.0,6.0,2.0,13.0,Basic,Quarterly,841.0,21.0,1.0
238.0,44.0,Female,18.0,14.0,4.0,2.0,Basic,Quarterly,249.0,9.0,1.0
239.0,43.0,Male,29.0,16.0,6.0,20.0,Basic,Quarterly,493.0,23.0,1.0
240.0,44.0,Female,34.0,26.0,4.0,12.0,Premium,Annual,353.0,16.0,1.0
241.0,22.0,Male,24.0,12.0,0.0,30.0,Standard,Annual,857.0,7.0,1.0
242.0,46.0,Female,19.0,7.0,5.0,4.0,Basic,Monthly,771.0,21.0,1.0
243.0,34.0,Female,20.0,29.0,0.0,4.0,Basic,Annual,580.0,4.0,0.0
244.0,41.0,Male,56.0,2.0,4.0,24.0,Premium,Quarterly,353.0,16.0,1.0
245.0,54.0,Female,33.0,19.0,1.0,19.0,Basic,Quarterly,802.0,6.0,1.0
246.0,44.0,Female,50.0,19.0,5.0,28.0,Standard,Monthly,618.0,24.0,1.0
247.0,21.0,Male,58.0,4.0,10.0,16.0,Basic,Monthly,985.0,10.0,1.0
248.0,55.0,Male,17.0,5.0,3.0,19.0,Premium,Monthly,957.0,8.0,1.0
249.0,50.0,Male,37.0,18.0,0.0,23.0,Basic,Annual,148.0,25.0,1.0
250.0,29.0,Female,56.0,12.0,9.0,25.0,Premium,Monthly,144.0,19.0,1.0
251.0,22.0,Female,18.0,25.0,6.0,28.0,Premium,Monthly,494.0,27.0,1.0
252.0,49.0,Male,18.0,20.0,0.0,4.0,Premium,Quarterly,642.0,5.0,0.0
253.0,51.0,Female,51.0,16.0,5.0,11.0,Standard,Annual,213.0,27.0,1.0
254.0,21.0,Male,46.0,13.0,0.0,23.0,Basic,Monthly,823.0,18.0,1.0
255.0,20.0,Male,30.0,15.0,8.0,6.0,Standard,Monthly,582.0,29.0,1.0
256.0,58.0,Female,51.0,23.0,0.0,2.0,Standard,Monthly,782.0,21.0,1.0
257.0,53.0,Female,1.0,4.0,7.0,24.0,Premium,Annual,598.0,4.0,1.0
258.0,21.0,Male,17.0,29.0,7.0,28.0,Standard,Monthly,990.0,28.0,1.0
259.0,62.0,Female,25.0,20.0,10.0,23.0,Basic,Annual,784.0,23.0,1.0
260.0,44.0,Male,3.0,19.0,0.0,12.0,Standard,Annual,268.0,1.0,1.0
261.0,27.0,Male,18.0,16.0,6.0,4.0,Standard,Annual,575.0,11.0,1.0
262.0,64.0,Male,60.0,26.0,3.0,9.0,Basic,Quarterly,783.0,30.0,1.0
263.0,60.0,Male,34.0,13.0,5.0,7.0,Standard,Monthly,504.0,24.0,1.0
264.0,21.0,Male,20.0,1.0,1.0,7.0,Premium,Quarterly,326.0,8.0,1.0
265.0,53.0,Female,30.0,23.0,3.0,30.0,Standard,Monthly,588.0,22.0,1.0
266.0,36.0,Female,52.0,2.0,3.0,13.0,Basic,Quarterly,486.0,25.0,1.0
267.0,62.0,Female,22.0,24.0,9.0,23.0,Premium,Monthly,922.0,4.0,1.0
268.0,22.0,Female,35.0,5.0,2.0,11.0,Basic,Quarterly,892.0,30.0,1.0
269.0,65.0,Female,16.0,7.0,5.0,20.0,Basic,Annual,165.0,15.0,1.0
270.0,58.0,Female,29.0,5.0,5.0,26.0,Standard,Quarterly,262.0,2.0,1.0
271.0,54.0,Male,56.0,7.0,7.0,4.0,Standard,Annual,206.0,20.0,1.0
272.0,32.0,Female,9.0,12.0,4.0,30.0,Premium,Quarterly,936.0,23.0,1.0
273.0,49.0,Male,14.0,16.0,9.0,24.0,Basic,Monthly,285.0,23.0,1.0
274.0,64.0,Male,25.0,20.0,0.0,23.0,Standard,Annual,141.0,12.0,1.0
275.0,47.0,Female,56.0,27.0,5.0,5.0,Standard,Monthly,803.0,21.0,1.0
276.0,35.0,Male,57.0,11.0,4.0,21.0,Standard,Annual,532.0,12.0,1.0
277.0,63.0,Male,44.0,15.0,0.0,3.0,Premium,Quarterly,752.0,26.0,1.0
278.0,48.0,Female,36.0,20.0,1.0,11.0,Standard,Monthly,674.0,25.0,1.0
279.0,54.0,Male,3.0,17.0,4.0,27.0,Standard,Annual,401.0,21.0,1.0
280.0,18.0,Male,7.0,27.0,8.0,2.0,Premium,Monthly,146.0,29.0,1.0
281.0,46.0,Male,9.0,26.0,0.0,28.0,Standard,Quarterly,569.0,27.0,1.0
282.0,52.0,Male,33.0,28.0,7.0,11.0,Basic,Quarterly,726.0,27.0,1.0
283.0,31.0,Female,50.0,10.0,7.0,11.0,Premium,Monthly,404.0,26.0,1.0
284.0,18.0,Female,26.0,7.0,9.0,11.0,Standard,Quarterly,795.0,26.0,1.0
285.0,46.0,Female,48.0,18.0,1.0,29.0,Basic,Monthly,817.0,5.0,1.0
286.0,28.0,Male,12.0,6.0,8.0,9.0,Premium,Quarterly,297.0,27.0,1.0
287.0,29.0,Female,38.0,20.0,5.0,26.0,Standard,Monthly,563.0,13.0,1.0
288.0,61.0,Male,27.0,19.0,2.0,11.0,Standard,Annual,225.0,8.0,1.0
289.0,35.0,Female,46.0,16.0,1.0,10.0,Standard,Monthly,411.0,12.0,1.0
290.0,19.0,Female,48.0,4.0,10.0,3.0,Basic,Monthly,684.0,3.0,1.0
291.0,42.0,Female,8.0,9.0,6.0,3.0,Premium,Annual,704.0,26.0,1.0
292.0,59.0,Female,57.0,2.0,2.0,14.0,Premium,Quarterly,183.0,10.0,1.0
293.0,20.0,Female,29.0,12.0,9.0,3.0,Premium,Monthly,908.0,28.0,1.0
294.0,62.0,Female,51.0,1.0,1.0,21.0,Premium,Annual,417.0,15.0,1.0
295.0,20.0,Male,40.0,1.0,4.0,16.0,Premium,Quarterly,490.0,18.0,1.0
296.0,60.0,Male,55.0,27.0,1.0,30.0,Premium,Annual,730.0,11.0,1.0
297.0,19.0,Male,54.0,10.0,9.0,12.0,Standard,Quarterly,604.0,8.0,1.0
298.0,52.0,Female,13.0,21.0,2.0,2.0,Premium,Annual,379.0,17.0,1.0
299.0,65.0,Female,59.0,1.0,8.0,9.0,Basic,Annual,916.0,22.0,1.0
300.0,64.0,Female,53.0,30.0,9.0,28.0,Basic,Quarterly,361.0,21.0,1.0
301.0,21.0,Female,45.0,27.0,4.0,17.0,Standard,Annual,547.0,29.0,1.0
302.0,55.0,Male,30.0,20.0,0.0,2.0,Standard,Annual,395.0,25.0,1.0
303.0,63.0,Female,30.0,26.0,0.0,24.0,Standard,Monthly,683.0,3.0,1.0
304.0,63.0,Male,3.0,8.0,1.0,20.0,Basic,Quarterly,798.0,4.0,1.0
305.0,58.0,Female,36.0,6.0,6.0,18.0,Standard,Quarterly,519.0,18.0,1.0
306.0,50.0,Male,16.0,18.0,2.0,30.0,Premium,Annual,350.0,5.0,1.0
307.0,29.0,Male,8.0,8.0,3.0,14.0,Premium,Annual,748.0,21.0,1.0
308.0,34.0,Female,35.0,27.0,6.0,2.0,Basic,Annual,261.0,15.0,1.0
309.0,32.0,Female,47.0,1.0,1.0,22.0,Standard,Monthly,938.0,21.0,1.0
310.0,28.0,Female,18.0,6.0,5.0,15.0,Premium,Annual,193.0,26.0,1.0
311.0,46.0,Male,44.0,14.0,8.0,23.0,Standard,Annual,428.0,23.0,1.0
312.0,57.0,Male,14.0,13.0,8.0,25.0,Standard,Annual,314.0,24.0,1.0
313.0,59.0,Male,34.0,19.0,8.0,6.0,Basic,Monthly,309.0,23.0,1.0
314.0,22.0,Female,43.0,14.0,2.0,0.0,Standard,Monthly,629.0,5.0,1.0
315.0,29.0,Male,59.0,5.0,5.0,12.0,Standard,Annual,209.0,12.0,1.0
316.0,57.0,Male,29.0,27.0,2.0,1.0,Premium,Monthly,279.0,24.0,1.0
317.0,35.0,Female,3.0,13.0,10.0,19.0,Basic,Annual,554.0,15.0,1.0
318.0,64.0,Female,13.0,3.0,5.0,30.0,Premium,Annual,967.0,30.0,1.0
319.0,55.0,Male,51.0,28.0,8.0,23.0,Premium,Quarterly,866.0,1.0,1.0
320.0,60.0,Female,7.0,6.0,9.0,24.0,Standard,Annual,758.0,23.0,1.0
321.0,62.0,Female,44.0,17.0,4.0,11.0,Standard,Monthly,258.0,23.0,1.0
322.0,54.0,Female,9.0,11.0,1.0,9.0,Basic,Monthly,479.0,18.0,1.0
323.0,45.0,Female,10.0,23.0,10.0,19.0,Standard,Quarterly,730.0,28.0,1.0
324.0,41.0,Male,23.0,6.0,3.0,20.0,Premium,Monthly,327.0,23.0,1.0
325.0,28.0,Male,2.0,14.0,4.0,4.0,Premium,Annual,384.0,20.0,1.0
326.0,47.0,Female,59.0,12.0,6.0,4.0,Basic,Annual,557.0,10.0,1.0
327.0,41.0,Female,33.0,12.0,10.0,16.0,Standard,Monthly,921.0,6.0,1.0
328.0,31.0,Female,43.0,4.0,4.0,2.0,Standard,Monthly,873.0,14.0,1.0
329.0,37.0,Male,13.0,6.0,7.0,11.0,Basic,Quarterly,206.0,17.0,1.0
330.0,23.0,Female,30.0,12.0,10.0,5.0,Standard,Monthly,941.0,11.0,1.0
331.0,39.0,Male,11.0,9.0,9.0,15.0,Standard,Quarterly,751.0,13.0,1.0
332.0,42.0,Male,48.0,9.0,0.0,1.0,Standard,Monthly,428.0,24.0,1.0
333.0,56.0,Male,47.0,3.0,6.0,23.0,Premium,Quarterly,883.0,15.0,1.0
334.0,49.0,Male,22.0,19.0,7.0,4.0,Basic,Quarterly,205.0,5.0,1.0
335.0,28.0,Male,2.0,6.0,1.0,20.0,Premium,Annual,520.0,16.0,0.0
336.0,55.0,Male,14.0,1.0,8.0,1.0,Premium,Monthly,216.0,27.0,1.0
337.0,44.0,Male,42.0,4.0,3.0,3.0,Basic,Annual,861.0,24.0,0.0
338.0,21.0,Female,52.0,5.0,7.0,29.0,Basic,Monthly,708.0,16.0,1.0
339.0,45.0,Female,31.0,14.0,3.0,28.0,Premium,Annual,806.0,1.0,1.0
340.0,65.0,Male,36.0,5.0,4.0,29.0,Basic,Annual,352.0,28.0,1.0
341.0,48.0,Male,37.0,7.0,1.0,24.0,Premium,Monthly,872.0,25.0,1.0
342.0,21.0,Male,31.0,16.0,0.0,12.0,Premium,Monthly,102.0,3.0,1.0
343.0,43.0,Male,40.0,19.0,10.0,27.0,Basic,Annual,694.0,7.0,1.0
344.0,60.0,Female,50.0,11.0,1.0,7.0,Standard,Annual,937.0,14.0,1.0
345.0,52.0,Female,14.0,18.0,2.0,29.0,Basic,Annual,786.0,30.0,1.0
346.0,63.0,Male,8.0,17.0,6.0,20.0,Premium,Monthly,948.0,15.0,1.0
347.0,19.0,Male,10.0,16.0,5.0,8.0,Standard,Monthly,403.0,27.0,1.0
348.0,60.0,Female,31.0,27.0,3.0,11.0,Basic,Annual,566.0,16.0,1.0
349.0,26.0,Female,29.0,8.0,2.0,3.0,Standard,Quarterly,692.0,17.0,1.0
350.0,23.0,Male,43.0,11.0,6.0,19.0,Basic,Annual,433.0,4.0,1.0
351.0,51.0,Female,34.0,30.0,8.0,22.0,Standard,Monthly,978.0,11.0,1.0
352.0,29.0,Female,60.0,3.0,7.0,27.0,Basic,Monthly,540.0,17.0,1.0
353.0,39.0,Male,14.0,10.0,1.0,30.0,Premium,Quarterly,459.0,22.0,1.0
354.0,21.0,Male,5.0,23.0,7.0,23.0,Premium,Monthly,645.0,18.0,1.0
355.0,32.0,Male,45.0,19.0,4.0,23.0,Standard,Quarterly,783.0,24.0,1.0
356.0,24.0,Male,49.0,3.0,7.0,23.0,Premium,Annual,723.0,15.0,1.0
357.0,65.0,Female,52.0,27.0,4.0,30.0,Basic,Quarterly,923.0,7.0,1.0
358.0,36.0,Male,38.0,2.0,2.0,22.0,Premium,Monthly,871.0,8.0,1.0
359.0,35.0,Male,1.0,21.0,4.0,9.0,Standard,Quarterly,113.0,18.0,1.0
360.0,18.0,Male,56.0,9.0,5.0,23.0,Basic,Monthly,265.0,24.0,1.0
361.0,31.0,Female,34.0,24.0,7.0,16.0,Standard,Annual,886.0,14.0,1.0
362.0,62.0,Female,12.0,7.0,4.0,24.0,Premium,Quarterly,921.0,14.0,1.0
363.0,43.0,Female,34.0,24.0,1.0,18.0,Premium,Quarterly,191.0,27.0,1.0
364.0,27.0,Female,11.0,13.0,3.0,13.0,Standard,Monthly,264.0,4.0,1.0
365.0,57.0,Female,34.0,18.0,8.0,8.0,Basic,Quarterly,609.0,8.0,1.0
366.0,56.0,Male,5.0,12.0,4.0,5.0,Basic,Monthly,249.0,10.0,1.0
367.0,20.0,Male,2.0,6.0,7.0,5.0,Premium,Monthly,786.0,13.0,1.0
368.0,39.0,Female,31.0,24.0,2.0,20.0,Basic,Quarterly,914.0,24.0,1.0
369.0,46.0,Female,51.0,9.0,8.0,11.0,Standard,Quarterly,358.0,2.0,1.0
370.0,52.0,Female,27.0,15.0,6.0,15.0,Standard,Annual,427.0,15.0,1.0
371.0,22.0,Female,22.0,1.0,8.0,17.0,Standard,Annual,606.0,14.0,1.0
372.0,24.0,Male,20.0,8.0,8.0,24.0,Premium,Annual,984.0,25.0,1.0
373.0,62.0,Male,55.0,3.0,6.0,16.0,Premium,Annual,531.0,28.0,1.0
374.0,39.0,Female,52.0,11.0,0.0,20.0,Standard,Monthly,361.0,13.0,1.0
375.0,32.0,Male,24.0,26.0,6.0,24.0,Standard,Monthly,411.0,17.0,1.0
376.0,49.0,Female,21.0,20.0,9.0,6.0,Standard,Quarterly,277.0,24.0,1.0
377.0,22.0,Female,3.0,27.0,3.0,5.0,Premium,Annual,968.0,14.0,1.0
378.0,38.0,Male,15.0,14.0,2.0,29.0,Premium,Monthly,847.0,30.0,1.0
379.0,41.0,Female,50.0,22.0,6.0,11.0,Premium,Monthly,839.0,26.0,1.0
380.0,45.0,Female,51.0,8.0,6.0,12.0,Basic,Quarterly,451.0,20.0,1.0
381.0,51.0,Male,4.0,20.0,9.0,0.0,Standard,Monthly,901.0,4.0,1.0
382.0,58.0,Female,21.0,25.0,3.0,0.0,Basic,Monthly,435.0,6.0,1.0
383.0,43.0,Male,18.0,6.0,2.0,2.0,Standard,Annual,195.0,10.0,1.0
384.0,23.0,Female,51.0,5.0,9.0,22.0,Premium,Annual,311.0,14.0,1.0
385.0,24.0,Male,8.0,23.0,8.0,18.0,Standard,Annual,142.0,9.0,1.0
386.0,21.0,Female,2.0,7.0,6.0,22.0,Basic,Quarterly,125.0,24.0,1.0
387.0,42.0,Female,19.0,22.0,1.0,23.0,Standard,Quarterly,247.0,4.0,1.0
388.0,39.0,Female,19.0,16.0,6.0,19.0,Standard,Quarterly,896.0,7.0,1.0
389.0,35.0,Male,58.0,16.0,10.0,29.0,Basic,Annual,845.0,5.0,1.0
390.0,23.0,Male,34.0,3.0,4.0,8.0,Basic,Quarterly,392.0,25.0,1.0
391.0,35.0,Female,40.0,18.0,2.0,14.0,Premium,Quarterly,363.0,10.0,1.0
392.0,56.0,Male,15.0,11.0,7.0,30.0,Premium,Quarterly,377.0,14.0,1.0
393.0,20.0,Female,27.0,28.0,9.0,11.0,Standard,Annual,964.0,26.0,1.0
394.0,59.0,Female,9.0,3.0,0.0,29.0,Premium,Annual,559.0,26.0,1.0
395.0,33.0,Female,34.0,10.0,9.0,2.0,Premium,Quarterly,691.0,29.0,1.0
396.0,59.0,Female,50.0,21.0,9.0,14.0,Premium,Monthly,142.0,4.0,1.0
397.0,39.0,Female,10.0,28.0,6.0,16.0,Standard,Quarterly,104.0,8.0,1.0
398.0,62.0,Female,8.0,4.0,8.0,13.0,Basic,Monthly,187.0,19.0,1.0
399.0,39.0,Female,48.0,5.0,6.0,17.0,Standard,Quarterly,107.0,3.0,1.0
400.0,26.0,Male,33.0,9.0,4.0,28.0,Premium,Monthly,748.0,6.0,1.0
401.0,53.0,Female,13.0,25.0,2.0,20.0,Basic,Quarterly,341.0,23.0,1.0
402.0,49.0,Male,22.0,26.0,4.0,4.0,Standard,Monthly,952.0,30.0,1.0
403.0,39.0,Female,11.0,6.0,2.0,25.0,Premium,Annual,476.0,12.0,1.0
404.0,44.0,Female,47.0,26.0,3.0,28.0,Basic,Annual,886.0,27.0,1.0
405.0,33.0,Male,29.0,6.0,6.0,16.0,Standard,Monthly,102.0,29.0,1.0
406.0,61.0,Male,9.0,20.0,6.0,22.0,Standard,Annual,809.0,7.0,1.0
407.0,56.0,Female,36.0,16.0,3.0,27.0,Basic,Annual,638.0,4.0,1.0
408.0,43.0,Female,27.0,10.0,2.0,14.0,Basic,Monthly,335.0,15.0,1.0
409.0,65.0,Female,3.0,22.0,6.0,27.0,Premium,Quarterly,966.0,14.0,1.0
410.0,44.0,Male,8.0,11.0,6.0,20.0,Basic,Annual,183.0,9.0,1.0
411.0,63.0,Female,7.0,13.0,8.0,20.0,Premium,Monthly,101.0,7.0,1.0
412.0,28.0,Male,40.0,29.0,0.0,29.0,Standard,Monthly,109.0,29.0,1.0
413.0,26.0,Female,11.0,12.0,7.0,13.0,Basic,Annual,785.0,1.0,1.0
414.0,23.0,Male,50.0,22.0,8.0,10.0,Basic,Monthly,732.0,1.0,1.0
415.0,57.0,Male,18.0,20.0,7.0,4.0,Standard,Monthly,427.0,24.0,1.0
416.0,51.0,Female,12.0,23.0,1.0,21.0,Standard,Monthly,840.0,22.0,1.0
417.0,18.0,Male,23.0,19.0,9.0,30.0,Basic,Annual,437.0,20.0,1.0
418.0,49.0,Female,55.0,30.0,5.0,2.0,Basic,Monthly,487.0,28.0,1.0
419.0,59.0,Male,46.0,24.0,10.0,12.0,Standard,Annual,429.0,22.0,1.0
420.0,47.0,Female,11.0,28.0,9.0,21.0,Premium,Monthly,738.0,3.0,1.0
421.0,55.0,Male,49.0,3.0,6.0,13.0,Premium,Quarterly,831.0,9.0,1.0
422.0,21.0,Female,46.0,15.0,3.0,12.0,Basic,Annual,106.0,28.0,1.0
423.0,51.0,Male,1.0,30.0,4.0,13.0,Basic,Quarterly,192.0,19.0,1.0
424.0,38.0,Male,47.0,27.0,7.0,23.0,Premium,Quarterly,862.0,30.0,1.0
425.0,56.0,Male,49.0,10.0,8.0,13.0,Standard,Monthly,535.0,12.0,1.0
426.0,27.0,Male,37.0,20.0,10.0,17.0,Premium,Monthly,117.0,14.0,1.0
427.0,61.0,Male,13.0,13.0,4.0,14.0,Basic,Annual,324.0,30.0,1.0
428.0,48.0,Female,45.0,21.0,8.0,12.0,Standard,Quarterly,835.0,24.0,1.0
429.0,43.0,Female,34.0,6.0,1.0,29.0,Standard,Monthly,992.0,19.0,1.0
430.0,44.0,Male,8.0,8.0,5.0,8.0,Premium,Monthly,910.0,1.0,1.0
431.0,41.0,Male,42.0,10.0,9.0,1.0,Standard,Annual,324.0,2.0,1.0
432.0,52.0,Female,32.0,25.0,8.0,1.0,Premium,Monthly,214.0,15.0,1.0
433.0,56.0,Female,31.0,23.0,9.0,21.0,Premium,Monthly,777.0,16.0,1.0
434.0,35.0,Male,23.0,23.0,1.0,5.0,Premium,Quarterly,742.0,24.0,0.0
435.0,21.0,Female,44.0,2.0,6.0,26.0,Premium,Quarterly,534.0,25.0,1.0
436.0,38.0,Male,41.0,6.0,10.0,26.0,Basic,Monthly,278.0,16.0,1.0
437.0,59.0,Male,50.0,4.0,9.0,22.0,Premium,Annual,522.0,13.0,1.0
438.0,57.0,Male,2.0,30.0,7.0,19.0,Standard,Quarterly,951.0,12.0,1.0
439.0,36.0,Female,26.0,25.0,4.0,8.0,Basic,Annual,508.0,23.0,1.0
440.0,18.0,Female,30.0,25.0,7.0,19.0,Basic,Monthly,224.0,17.0,1.0
441.0,63.0,Female,6.0,11.0,1.0,24.0,Basic,Annual,583.0,3.0,1.0
442.0,55.0,Male,55.0,4.0,10.0,19.0,Standard,Annual,383.0,28.0,1.0
443.0,28.0,Male,49.0,27.0,3.0,18.0,Premium,Quarterly,414.0,25.0,1.0
444.0,18.0,Female,39.0,24.0,0.0,22.0,Standard,Quarterly,974.0,17.0,1.0
445.0,40.0,Female,42.0,5.0,1.0,19.0,Premium,Annual,696.0,15.0,0.0
446.0,38.0,Female,58.0,3.0,1.0,17.0,Standard,Quarterly,808.0,23.0,1.0
447.0,64.0,Male,39.0,26.0,9.0,0.0,Premium,Annual,406.0,27.0,1.0
448.0,59.0,Female,51.0,13.0,3.0,4.0,Standard,Monthly,661.0,7.0,1.0
449.0,21.0,Male,4.0,27.0,9.0,11.0,Premium,Monthly,616.0,14.0,1.0
450.0,56.0,Female,35.0,26.0,5.0,3.0,Basic,Annual,360.0,21.0,1.0
451.0,25.0,Female,42.0,13.0,8.0,13.0,Premium,Monthly,849.0,4.0,1.0
452.0,23.0,Male,12.0,10.0,6.0,20.0,Standard,Quarterly,614.0,9.0,1.0
453.0,40.0,Female,33.0,2.0,7.0,1.0,Standard,Monthly,854.0,1.0,1.0
454.0,52.0,Female,56.0,26.0,0.0,10.0,Standard,Annual,301.0,26.0,1.0
455.0,43.0,Female,42.0,25.0,1.0,25.0,Basic,Quarterly,381.0,13.0,1.0
456.0,37.0,Female,44.0,11.0,7.0,7.0,Standard,Annual,899.0,23.0,1.0
457.0,39.0,Female,53.0,24.0,10.0,1.0,Standard,Quarterly,714.0,14.0,1.0
458.0,37.0,Male,38.0,11.0,3.0,19.0,Standard,Annual,374.0,12.0,1.0
459.0,34.0,Male,3.0,15.0,4.0,12.0,Premium,Annual,854.0,26.0,1.0
460.0,54.0,Female,1.0,13.0,0.0,14.0,Premium,Annual,361.0,28.0,1.0
461.0,29.0,Male,21.0,19.0,9.0,13.0,Standard,Quarterly,943.0,7.0,1.0
462.0,26.0,Male,53.0,26.0,9.0,14.0,Premium,Annual,475.0,11.0,1.0
463.0,42.0,Male,50.0,15.0,6.0,29.0,Basic,Quarterly,600.0,4.0,1.0
464.0,44.0,Male,32.0,28.0,5.0,16.0,Standard,Annual,107.0,23.0,1.0
465.0,49.0,Male,45.0,13.0,9.0,8.0,Basic,Annual,917.0,16.0,1.0
466.0,37.0,Female,40.0,2.0,6.0,30.0,Standard,Monthly,996.0,4.0,1.0
467.0,31.0,Female,59.0,2.0,1.0,6.0,Basic,Monthly,579.0,11.0,1.0
468.0,30.0,Female,49.0,6.0,4.0,16.0,Premium,Annual,464.0,19.0,1.0
469.0,28.0,Female,2.0,16.0,4.0,9.0,Premium,Monthly,555.0,8.0,1.0
470.0,37.0,Male,22.0,30.0,10.0,27.0,Standard,Quarterly,600.0,27.0,1.0
471.0,62.0,Female,37.0,27.0,4.0,23.0,Basic,Monthly,905.0,6.0,1.0
472.0,44.0,Female,5.0,7.0,1.0,30.0,Basic,Monthly,153.0,21.0,1.0
473.0,29.0,Female,32.0,16.0,3.0,19.0,Basic,Quarterly,725.0,6.0,1.0
474.0,21.0,Female,7.0,14.0,0.0,24.0,Basic,Monthly,138.0,1.0,1.0
475.0,18.0,Female,25.0,9.0,3.0,7.0,Standard,Annual,588.0,24.0,1.0
476.0,40.0,Male,13.0,1.0,2.0,16.0,Standard,Quarterly,659.0,1.0,1.0
477.0,48.0,Male,32.0,17.0,6.0,6.0,Premium,Quarterly,521.0,29.0,1.0
478.0,41.0,Male,37.0,21.0,2.0,10.0,Standard,Monthly,922.0,23.0,1.0
479.0,20.0,Female,46.0,24.0,9.0,9.0,Standard,Monthly,860.0,16.0,1.0
480.0,30.0,Male,33.0,11.0,2.0,12.0,Standard,Quarterly,864.0,1.0,0.0
481.0,31.0,Male,58.0,16.0,2.0,26.0,Basic,Monthly,923.0,10.0,1.0
482.0,43.0,Female,12.0,6.0,8.0,24.0,Basic,Annual,943.0,24.0,1.0
483.0,49.0,Male,49.0,12.0,8.0,6.0,Premium,Quarterly,686.0,16.0,1.0
484.0,32.0,Male,18.0,3.0,2.0,13.0,Basic,Monthly,399.0,29.0,1.0
485.0,65.0,Female,17.0,10.0,7.0,10.0,Standard,Monthly,278.0,27.0,1.0
486.0,48.0,Male,59.0,20.0,5.0,6.0,Premium,Quarterly,297.0,3.0,1.0
487.0,27.0,Female,22.0,16.0,9.0,14.0,Standard,Monthly,196.0,16.0,1.0
488.0,50.0,Male,43.0,3.0,0.0,24.0,Standard,Quarterly,443.0,7.0,1.0
489.0,29.0,Male,32.0,17.0,0.0,15.0,Premium,Annual,290.0,7.0,1.0
490.0,42.0,Female,48.0,7.0,8.0,14.0,Standard,Annual,938.0,30.0,1.0
491.0,48.0,Male,48.0,18.0,3.0,9.0,Premium,Monthly,899.0,9.0,1.0
492.0,51.0,Female,7.0,25.0,5.0,28.0,Basic,Quarterly,398.0,6.0,1.0
493.0,19.0,Male,14.0,9.0,6.0,28.0,Standard,Monthly,426.0,19.0,1.0
494.0,29.0,Female,45.0,15.0,0.0,6.0,Basic,Quarterly,440.0,18.0,1.0
495.0,57.0,Female,44.0,26.0,2.0,25.0,Premium,Quarterly,548.0,18.0,1.0
496.0,37.0,Male,54.0,15.0,7.0,12.0,Basic,Monthly,615.0,6.0,1.0
497.0,43.0,Female,2.0,3.0,4.0,11.0,Basic,Annual,374.0,5.0,1.0
498.0,30.0,Male,19.0,29.0,5.0,27.0,Premium,Monthly,967.0,16.0,1.0
499.0,59.0,Male,55.0,5.0,7.0,5.0,Standard,Quarterly,798.0,8.0,1.0
500.0,58.0,Female,26.0,29.0,8.0,25.0,Standard,Quarterly,586.0,20.0,1.0
501.0,29.0,Female,1.0,16.0,10.0,25.0,Premium,Monthly,464.0,1.0,1.0
502.0,30.0,Male,23.0,6.0,4.0,15.0,Standard,Monthly,170.0,6.0,1.0
503.0,49.0,Female,60.0,24.0,6.0,3.0,Standard,Quarterly,997.0,22.0,1.0
504.0,59.0,Female,38.0,9.0,7.0,27.0,Basic,Annual,359.0,20.0,1.0
505.0,28.0,Male,14.0,11.0,6.0,0.0,Basic,Quarterly,592.0,3.0,1.0
506.0,44.0,Female,31.0,25.0,1.0,0.0,Standard,Annual,573.0,25.0,1.0
507.0,29.0,Female,54.0,20.0,4.0,12.0,Premium,Quarterly,823.0,18.0,1.0
508.0,24.0,Male,49.0,11.0,4.0,28.0,Premium,Monthly,745.0,23.0,1.0
509.0,39.0,Male,9.0,17.0,5.0,4.0,Standard,Quarterly,206.0,16.0,1.0
510.0,33.0,Male,58.0,11.0,5.0,18.0,Premium,Annual,215.0,4.0,1.0
511.0,28.0,Male,1.0,8.0,0.0,25.0,Premium,Annual,888.0,20.0,1.0
512.0,62.0,Female,36.0,28.0,3.0,14.0,Standard,Annual,456.0,8.0,1.0
513.0,53.0,Male,45.0,14.0,1.0,10.0,Premium,Quarterly,473.0,12.0,1.0
514.0,48.0,Male,38.0,9.0,4.0,6.0,Basic,Annual,757.0,8.0,0.0
515.0,36.0,Male,3.0,28.0,10.0,9.0,Basic,Annual,140.0,6.0,1.0
516.0,26.0,Male,1.0,6.0,10.0,26.0,Basic,Annual,523.0,19.0,1.0
517.0,46.0,Male,39.0,29.0,4.0,10.0,Standard,Monthly,588.0,7.0,1.0
518.0,43.0,Male,16.0,25.0,2.0,17.0,Basic,Annual,759.0,8.0,0.0
519.0,21.0,Female,17.0,28.0,8.0,17.0,Standard,Annual,445.0,24.0,1.0
520.0,60.0,Male,29.0,17.0,6.0,11.0,Basic,Quarterly,271.0,29.0,1.0
521.0,28.0,Male,29.0,26.0,10.0,7.0,Standard,Quarterly,458.0,16.0,1.0
522.0,47.0,Male,6.0,16.0,2.0,2.0,Premium,Quarterly,928.0,3.0,0.0
523.0,29.0,Female,45.0,18.0,3.0,22.0,Premium,Quarterly,458.0,8.0,1.0
524.0,46.0,Female,47.0,4.0,3.0,23.0,Standard,Annual,905.0,4.0,1.0
525.0,34.0,Female,60.0,14.0,7.0,19.0,Basic,Quarterly,877.0,11.0,1.0
526.0,18.0,Female,23.0,16.0,9.0,24.0,Standard,Monthly,717.0,12.0,1.0
527.0,46.0,Female,49.0,28.0,1.0,19.0,Basic,Monthly,348.0,3.0,1.0
528.0,20.0,Female,37.0,13.0,3.0,25.0,Basic,Monthly,718.0,14.0,1.0
529.0,52.0,Male,33.0,4.0,0.0,1.0,Basic,Monthly,903.0,27.0,1.0
530.0,59.0,Female,12.0,2.0,2.0,2.0,Basic,Annual,224.0,23.0,1.0
531.0,56.0,Female,39.0,10.0,9.0,10.0,Standard,Monthly,737.0,3.0,1.0
532.0,44.0,Male,48.0,29.0,3.0,1.0,Basic,Annual,809.0,30.0,0.0
533.0,53.0,Male,25.0,1.0,4.0,12.0,Basic,Annual,141.0,29.0,1.0
534.0,28.0,Female,27.0,27.0,5.0,29.0,Premium,Monthly,928.0,22.0,1.0
535.0,56.0,Female,32.0,11.0,6.0,9.0,Standard,Monthly,569.0,28.0,1.0
536.0,29.0,Female,30.0,30.0,3.0,6.0,Basic,Annual,327.0,2.0,1.0
537.0,18.0,Male,37.0,26.0,6.0,19.0,Basic,Monthly,517.0,8.0,1.0
538.0,60.0,Male,55.0,6.0,10.0,16.0,Basic,Monthly,789.0,17.0,1.0
539.0,21.0,Male,35.0,3.0,10.0,14.0,Basic,Annual,790.0,9.0,1.0
540.0,18.0,Female,51.0,17.0,10.0,15.0,Premium,Quarterly,812.0,5.0,1.0
541.0,46.0,Male,3.0,1.0,5.0,9.0,Standard,Annual,495.0,14.0,1.0
542.0,61.0,Female,21.0,27.0,0.0,8.0,Standard,Annual,950.0,25.0,1.0
543.0,38.0,Female,20.0,3.0,2.0,12.0,Basic,Monthly,309.0,5.0,1.0
544.0,28.0,Male,13.0,17.0,0.0,10.0,Premium,Annual,919.0,11.0,0.0
545.0,49.0,Male,13.0,20.0,3.0,30.0,Basic,Monthly,610.0,1.0,1.0
546.0,37.0,Male,46.0,21.0,9.0,12.0,Basic,Annual,840.0,18.0,1.0
547.0,55.0,Female,51.0,25.0,2.0,26.0,Standard,Quarterly,620.0,9.0,1.0
548.0,52.0,Female,11.0,30.0,1.0,2.0,Basic,Quarterly,861.0,20.0,1.0
549.0,57.0,Female,11.0,13.0,1.0,27.0,Premium,Quarterly,178.0,16.0,1.0
550.0,29.0,Female,20.0,18.0,9.0,23.0,Standard,Annual,931.0,15.0,1.0
551.0,43.0,Male,31.0,5.0,1.0,25.0,Basic,Annual,539.0,18.0,1.0
552.0,36.0,Male,55.0,24.0,5.0,18.0,Basic,Annual,175.0,24.0,1.0
553.0,46.0,Female,23.0,2.0,3.0,7.0,Premium,Monthly,677.0,29.0,1.0
554.0,20.0,Male,60.0,8.0,8.0,14.0,Basic,Annual,725.0,14.0,1.0
555.0,19.0,Male,59.0,5.0,3.0,23.0,Standard,Annual,136.0,18.0,1.0
556.0,38.0,Male,32.0,8.0,3.0,18.0,Basic,Annual,413.0,28.0,1.0
557.0,27.0,Female,12.0,6.0,8.0,17.0,Basic,Annual,700.0,3.0,1.0
558.0,38.0,Female,12.0,28.0,2.0,18.0,Standard,Monthly,856.0,28.0,1.0
559.0,62.0,Male,47.0,21.0,2.0,25.0,Premium,Monthly,222.0,30.0,1.0
560.0,38.0,Male,54.0,25.0,1.0,0.0,Premium,Monthly,809.0,24.0,1.0
561.0,28.0,Male,38.0,11.0,9.0,2.0,Standard,Monthly,407.0,22.0,1.0
562.0,29.0,Female,44.0,20.0,1.0,9.0,Basic,Monthly,935.0,24.0,1.0
563.0,23.0,Male,11.0,2.0,7.0,16.0,Basic,Monthly,918.0,20.0,1.0
564.0,44.0,Male,44.0,23.0,3.0,8.0,Premium,Quarterly,308.0,17.0,1.0
565.0,24.0,Male,28.0,5.0,5.0,2.0,Premium,Monthly,772.0,27.0,1.0
566.0,43.0,Female,54.0,25.0,5.0,7.0,Premium,Monthly,640.0,18.0,1.0
567.0,21.0,Male,55.0,7.0,1.0,18.0,Standard,Quarterly,629.0,25.0,0.0
568.0,45.0,Female,56.0,20.0,4.0,11.0,Standard,Quarterly,776.0,26.0,1.0
569.0,48.0,Male,40.0,29.0,6.0,18.0,Basic,Quarterly,492.0,3.0,1.0
570.0,20.0,Male,42.0,4.0,9.0,13.0,Premium,Annual,710.0,25.0,1.0
571.0,58.0,Male,18.0,1.0,3.0,6.0,Standard,Annual,358.0,30.0,1.0
572.0,51.0,Female,36.0,18.0,9.0,26.0,Standard,Quarterly,226.0,10.0,1.0
573.0,51.0,Female,31.0,15.0,6.0,24.0,Standard,Monthly,473.0,23.0,1.0
574.0,36.0,Female,50.0,19.0,7.0,17.0,Basic,Monthly,465.0,5.0,1.0
575.0,59.0,Male,41.0,28.0,1.0,13.0,Premium,Annual,342.0,2.0,1.0
576.0,27.0,Female,35.0,19.0,8.0,11.0,Basic,Monthly,607.0,25.0,1.0
577.0,25.0,Male,47.0,25.0,4.0,1.0,Standard,Monthly,462.0,3.0,1.0
578.0,20.0,Male,15.0,23.0,0.0,6.0,Basic,Annual,156.0,11.0,1.0
579.0,31.0,Male,15.0,13.0,2.0,7.0,Premium,Monthly,167.0,14.0,1.0
580.0,36.0,Male,13.0,10.0,3.0,16.0,Basic,Monthly,511.0,8.0,1.0
581.0,41.0,Male,60.0,24.0,8.0,22.0,Standard,Monthly,719.0,8.0,1.0
582.0,40.0,Female,54.0,29.0,1.0,3.0,Standard,Quarterly,334.0,10.0,1.0
583.0,34.0,Female,53.0,21.0,10.0,11.0,Basic,Quarterly,336.0,15.0,1.0
584.0,30.0,Male,16.0,13.0,3.0,15.0,Basic,Quarterly,132.0,26.0,1.0
585.0,27.0,Male,44.0,5.0,10.0,29.0,Standard,Quarterly,443.0,13.0,1.0
586.0,56.0,Male,34.0,5.0,7.0,3.0,Basic,Quarterly,632.0,29.0,1.0
587.0,51.0,Female,55.0,14.0,10.0,22.0,Standard,Quarterly,959.0,6.0,1.0
588.0,41.0,Male,4.0,3.0,3.0,23.0,Standard,Annual,158.0,10.0,1.0
589.0,62.0,Male,10.0,18.0,6.0,30.0,Premium,Quarterly,192.0,21.0,1.0
590.0,25.0,Male,55.0,12.0,6.0,26.0,Premium,Annual,792.0,19.0,1.0
591.0,25.0,Female,33.0,25.0,6.0,12.0,Basic,Annual,571.0,2.0,1.0
592.0,44.0,Female,34.0,13.0,8.0,21.0,Premium,Annual,529.0,18.0,1.0
593.0,25.0,Female,56.0,27.0,8.0,27.0,Basic,Quarterly,640.0,27.0,1.0
594.0,40.0,Male,57.0,1.0,3.0,20.0,Premium,Quarterly,372.0,21.0,1.0
595.0,59.0,Female,60.0,8.0,0.0,6.0,Premium,Monthly,812.0,18.0,1.0
596.0,28.0,Male,43.0,29.0,10.0,16.0,Premium,Quarterly,509.0,16.0,1.0
597.0,39.0,Male,24.0,19.0,9.0,2.0,Basic,Annual,782.0,14.0,1.0
598.0,25.0,Female,43.0,17.0,10.0,9.0,Basic,Quarterly,823.0,7.0,1.0
599.0,57.0,Female,41.0,12.0,4.0,7.0,Basic,Quarterly,360.0,21.0,1.0
600.0,42.0,Female,36.0,30.0,9.0,28.0,Basic,Quarterly,551.0,27.0,1.0
601.0,18.0,Female,45.0,18.0,4.0,15.0,Premium,Monthly,427.0,9.0,1.0
602.0,62.0,Male,55.0,6.0,1.0,6.0,Basic,Annual,788.0,24.0,1.0
603.0,18.0,Female,58.0,2.0,0.0,19.0,Premium,Monthly,787.0,22.0,1.0
604.0,59.0,Female,12.0,25.0,10.0,12.0,Premium,Annual,210.0,29.0,1.0
605.0,35.0,Male,3.0,15.0,1.0,18.0,Standard,Quarterly,257.0,16.0,1.0
606.0,19.0,Female,33.0,29.0,2.0,15.0,Basic,Monthly,416.0,19.0,1.0
607.0,40.0,Female,56.0,7.0,5.0,4.0,Standard,Annual,595.0,17.0,1.0
608.0,42.0,Male,55.0,12.0,0.0,7.0,Premium,Monthly,936.0,22.0,1.0
609.0,38.0,Female,50.0,22.0,3.0,9.0,Basic,Monthly,815.0,7.0,1.0
610.0,53.0,Female,37.0,20.0,7.0,3.0,Premium,Monthly,127.0,29.0,1.0
611.0,39.0,Male,38.0,22.0,8.0,2.0,Premium,Quarterly,845.0,2.0,1.0
612.0,32.0,Male,41.0,16.0,3.0,24.0,Standard,Monthly,480.0,20.0,1.0
613.0,30.0,Female,1.0,26.0,1.0,4.0,Premium,Annual,517.0,10.0,0.0
614.0,44.0,Female,53.0,4.0,9.0,9.0,Standard,Monthly,613.0,30.0,1.0
615.0,23.0,Male,9.0,7.0,2.0,0.0,Basic,Annual,279.0,17.0,1.0
616.0,49.0,Male,26.0,10.0,2.0,20.0,Premium,Annual,891.0,22.0,0.0
617.0,35.0,Male,39.0,7.0,5.0,23.0,Standard,Monthly,229.0,23.0,1.0
618.0,64.0,Female,1.0,22.0,5.0,3.0,Premium,Quarterly,287.0,12.0,1.0
619.0,23.0,Female,28.0,25.0,1.0,22.0,Basic,Monthly,103.0,29.0,1.0
620.0,62.0,Male,28.0,2.0,8.0,14.0,Basic,Annual,970.0,15.0,1.0
621.0,32.0,Male,28.0,17.0,7.0,26.0,Basic,Quarterly,138.0,5.0,1.0
622.0,60.0,Male,59.0,9.0,8.0,15.0,Standard,Annual,555.0,25.0,1.0
623.0,53.0,Female,23.0,1.0,4.0,25.0,Standard,Monthly,619.0,30.0,1.0
624.0,54.0,Female,15.0,27.0,6.0,21.0,Basic,Annual,382.0,23.0,1.0
625.0,53.0,Male,28.0,30.0,7.0,11.0,Premium,Monthly,586.0,22.0,1.0
626.0,27.0,Female,42.0,27.0,10.0,20.0,Premium,Monthly,591.0,26.0,1.0
627.0,34.0,Male,13.0,2.0,4.0,1.0,Premium,Monthly,149.0,9.0,1.0
628.0,57.0,Female,30.0,1.0,7.0,30.0,Basic,Annual,283.0,9.0,1.0
629.0,23.0,Male,36.0,12.0,0.0,6.0,Basic,Quarterly,111.0,26.0,1.0
630.0,62.0,Female,58.0,5.0,8.0,7.0,Standard,Quarterly,523.0,12.0,1.0
631.0,52.0,Female,50.0,15.0,0.0,21.0,Standard,Monthly,232.0,1.0,1.0
632.0,43.0,Female,39.0,3.0,0.0,2.0,Standard,Monthly,133.0,6.0,1.0
633.0,56.0,Female,22.0,6.0,1.0,9.0,Premium,Quarterly,189.0,30.0,1.0
634.0,34.0,Female,48.0,2.0,9.0,7.0,Standard,Annual,106.0,26.0,1.0
635.0,50.0,Male,43.0,25.0,3.0,2.0,Basic,Monthly,942.0,5.0,1.0
636.0,41.0,Female,36.0,17.0,10.0,29.0,Basic,Monthly,966.0,24.0,1.0
637.0,38.0,Female,21.0,22.0,9.0,25.0,Standard,Quarterly,650.0,4.0,1.0
638.0,18.0,Female,58.0,25.0,1.0,30.0,Standard,Annual,375.0,4.0,1.0
639.0,56.0,Male,26.0,15.0,2.0,4.0,Standard,Monthly,185.0,12.0,1.0
640.0,20.0,Male,58.0,9.0,3.0,1.0,Premium,Annual,639.0,17.0,1.0
641.0,62.0,Female,16.0,21.0,1.0,16.0,Basic,Annual,300.0,21.0,1.0
642.0,57.0,Female,12.0,16.0,8.0,27.0,Premium,Monthly,388.0,16.0,1.0
643.0,64.0,Male,51.0,30.0,3.0,10.0,Basic,Quarterly,434.0,7.0,1.0
644.0,41.0,Female,30.0,24.0,9.0,26.0,Standard,Monthly,953.0,24.0,1.0
645.0,35.0,Female,31.0,29.0,4.0,1.0,Basic,Monthly,891.0,17.0,1.0
646.0,24.0,Female,41.0,22.0,5.0,4.0,Premium,Monthly,822.0,14.0,1.0
647.0,19.0,Female,1.0,14.0,9.0,6.0,Premium,Monthly,356.0,14.0,1.0
648.0,57.0,Female,44.0,17.0,8.0,15.0,Premium,Annual,581.0,13.0,1.0
649.0,52.0,Male,54.0,13.0,2.0,26.0,Premium,Annual,225.0,14.0,1.0
650.0,48.0,Male,19.0,9.0,1.0,2.0,Basic,Annual,683.0,2.0,1.0
651.0,44.0,Female,22.0,18.0,4.0,30.0,Premium,Annual,436.0,5.0,1.0
652.0,51.0,Female,3.0,10.0,4.0,7.0,Standard,Annual,548.0,22.0,1.0
653.0,25.0,Female,20.0,7.0,3.0,14.0,Standard,Monthly,438.0,4.0,1.0
654.0,28.0,Male,39.0,20.0,7.0,3.0,Premium,Quarterly,687.0,16.0,1.0
655.0,43.0,Male,9.0,11.0,1.0,24.0,Basic,Monthly,226.0,9.0,1.0
656.0,43.0,Male,25.0,5.0,2.0,16.0,Basic,Monthly,837.0,4.0,1.0
657.0,51.0,Female,22.0,21.0,6.0,10.0,Basic,Quarterly,193.0,26.0,1.0
658.0,25.0,Male,43.0,28.0,8.0,6.0,Standard,Quarterly,561.0,12.0,1.0
659.0,45.0,Male,33.0,6.0,7.0,3.0,Standard,Quarterly,704.0,10.0,1.0
660.0,25.0,Female,50.0,30.0,5.0,10.0,Premium,Monthly,668.0,2.0,1.0
661.0,46.0,Male,19.0,14.0,3.0,22.0,Standard,Monthly,708.0,9.0,1.0
662.0,62.0,Female,45.0,4.0,4.0,8.0,Premium,Quarterly,776.0,20.0,1.0
663.0,54.0,Female,9.0,20.0,4.0,4.0,Basic,Quarterly,177.0,14.0,1.0
664.0,32.0,Male,33.0,10.0,4.0,0.0,Premium,Monthly,569.0,11.0,1.0
665.0,38.0,Female,49.0,26.0,0.0,24.0,Basic,Quarterly,477.0,9.0,1.0
666.0,23.0,Male,27.0,30.0,5.0,22.0,Premium,Quarterly,349.0,21.0,1.0
667.0,36.0,Male,45.0,20.0,10.0,22.0,Basic,Quarterly,924.0,27.0,1.0
668.0,63.0,Male,52.0,22.0,2.0,29.0,Premium,Annual,753.0,28.0,1.0
669.0,52.0,Male,15.0,3.0,5.0,9.0,Premium,Annual,261.0,1.0,1.0
670.0,18.0,Male,1.0,6.0,8.0,11.0,Premium,Annual,651.0,29.0,1.0
671.0,43.0,Female,32.0,8.0,3.0,0.0,Standard,Annual,187.0,28.0,1.0
672.0,22.0,Male,1.0,2.0,3.0,12.0,Premium,Annual,946.0,14.0,1.0
673.0,30.0,Female,4.0,30.0,4.0,8.0,Standard,Annual,665.0,14.0,1.0
674.0,21.0,Male,57.0,6.0,5.0,2.0,Basic,Quarterly,897.0,21.0,1.0
675.0,55.0,Male,59.0,5.0,7.0,12.0,Premium,Quarterly,807.0,6.0,1.0
676.0,59.0,Male,30.0,8.0,9.0,27.0,Premium,Quarterly,732.0,24.0,1.0
677.0,58.0,Female,5.0,8.0,10.0,14.0,Standard,Annual,562.0,24.0,1.0
678.0,65.0,Male,44.0,25.0,2.0,21.0,Premium,Annual,579.0,16.0,1.0
679.0,47.0,Male,57.0,10.0,3.0,5.0,Premium,Monthly,826.0,16.0,1.0
680.0,64.0,Female,14.0,30.0,8.0,19.0,Basic,Annual,332.0,23.0,1.0
681.0,29.0,Male,46.0,4.0,5.0,19.0,Basic,Annual,290.0,11.0,1.0
682.0,48.0,Male,40.0,30.0,6.0,0.0,Basic,Annual,597.0,15.0,1.0
683.0,23.0,Female,51.0,10.0,6.0,14.0,Basic,Annual,369.0,23.0,1.0
684.0,46.0,Female,30.0,9.0,8.0,11.0,Premium,Quarterly,702.0,22.0,1.0
685.0,58.0,Male,9.0,10.0,9.0,9.0,Basic,Annual,627.0,21.0,1.0
686.0,61.0,Male,20.0,14.0,8.0,25.0,Basic,Annual,995.0,23.0,1.0
687.0,61.0,Female,35.0,21.0,0.0,26.0,Premium,Quarterly,283.0,20.0,1.0
688.0,55.0,Female,43.0,4.0,0.0,20.0,Standard,Annual,497.0,16.0,1.0
689.0,41.0,Male,11.0,22.0,10.0,18.0,Basic,Quarterly,673.0,13.0,1.0
690.0,59.0,Male,46.0,18.0,3.0,28.0,Basic,Monthly,842.0,12.0,1.0
691.0,25.0,Male,1.0,6.0,5.0,26.0,Standard,Quarterly,261.0,16.0,1.0
692.0,53.0,Female,32.0,3.0,4.0,13.0,Standard,Monthly,897.0,7.0,1.0
693.0,50.0,Female,49.0,26.0,1.0,0.0,Premium,Monthly,773.0,15.0,1.0
694.0,64.0,Male,23.0,6.0,0.0,5.0,Basic,Quarterly,743.0,20.0,1.0
695.0,62.0,Female,42.0,11.0,0.0,23.0,Basic,Annual,125.0,27.0,1.0
696.0,54.0,Male,34.0,22.0,10.0,1.0,Standard,Quarterly,602.0,8.0,1.0
697.0,52.0,Male,14.0,1.0,2.0,9.0,Basic,Monthly,238.0,14.0,1.0
698.0,64.0,Female,23.0,19.0,5.0,19.0,Standard,Monthly,744.0,6.0,1.0
699.0,36.0,Female,16.0,28.0,10.0,10.0,Standard,Monthly,897.0,20.0,1.0
700.0,31.0,Female,22.0,25.0,2.0,10.0,Basic,Quarterly,396.0,18.0,1.0
701.0,44.0,Female,27.0,10.0,1.0,12.0,Basic,Annual,717.0,21.0,1.0
702.0,30.0,Male,30.0,17.0,5.0,7.0,Standard,Annual,632.0,3.0,1.0
703.0,63.0,Female,60.0,14.0,3.0,28.0,Basic,Monthly,361.0,20.0,1.0
704.0,53.0,Female,30.0,11.0,1.0,8.0,Standard,Annual,623.0,7.0,1.0
705.0,54.0,Female,51.0,29.0,2.0,2.0,Standard,Annual,241.0,10.0,1.0
706.0,18.0,Female,29.0,14.0,1.0,29.0,Basic,Monthly,185.0,16.0,1.0
707.0,33.0,Male,30.0,29.0,1.0,11.0,Basic,Annual,362.0,23.0,1.0
708.0,58.0,Male,24.0,11.0,7.0,27.0,Basic,Quarterly,429.0,15.0,1.0
709.0,43.0,Male,2.0,29.0,6.0,15.0,Standard,Annual,891.0,10.0,1.0
710.0,26.0,Female,31.0,30.0,5.0,9.0,Basic,Quarterly,799.0,9.0,1.0
711.0,36.0,Female,19.0,9.0,3.0,27.0,Standard,Annual,206.0,20.0,1.0
712.0,53.0,Female,53.0,15.0,9.0,14.0,Basic,Annual,239.0,3.0,1.0
713.0,41.0,Male,51.0,16.0,9.0,0.0,Premium,Quarterly,977.0,21.0,1.0
714.0,63.0,Male,34.0,25.0,2.0,13.0,Basic,Quarterly,705.0,19.0,1.0
715.0,31.0,Female,33.0,10.0,9.0,25.0,Premium,Quarterly,318.0,8.0,1.0
716.0,51.0,Male,54.0,18.0,0.0,0.0,Standard,Annual,408.0,15.0,1.0
717.0,25.0,Male,56.0,13.0,3.0,21.0,Basic,Quarterly,837.0,27.0,1.0
718.0,35.0,Male,17.0,14.0,9.0,17.0,Basic,Monthly,845.0,28.0,1.0
719.0,42.0,Female,7.0,30.0,5.0,5.0,Basic,Monthly,425.0,3.0,1.0
720.0,24.0,Female,15.0,23.0,6.0,29.0,Premium,Quarterly,260.0,6.0,1.0
721.0,48.0,Female,15.0,4.0,2.0,25.0,Premium,Monthly,462.0,8.0,1.0
722.0,24.0,Female,16.0,7.0,8.0,27.0,Standard,Annual,115.0,24.0,1.0
723.0,20.0,Male,39.0,12.0,1.0,29.0,Premium,Monthly,908.0,23.0,1.0
724.0,31.0,Male,40.0,23.0,9.0,25.0,Premium,Quarterly,258.0,23.0,1.0
725.0,22.0,Female,16.0,19.0,4.0,5.0,Premium,Annual,491.0,7.0,1.0
726.0,46.0,Female,41.0,25.0,0.0,10.0,Basic,Annual,916.0,27.0,1.0
727.0,47.0,Male,46.0,11.0,2.0,23.0,Standard,Quarterly,492.0,16.0,1.0
728.0,43.0,Male,20.0,2.0,0.0,11.0,Standard,Annual,603.0,14.0,1.0
729.0,24.0,Male,23.0,18.0,1.0,3.0,Basic,Quarterly,795.0,22.0,0.0
730.0,58.0,Female,13.0,22.0,9.0,22.0,Basic,Quarterly,531.0,5.0,1.0
731.0,34.0,Male,9.0,1.0,6.0,30.0,Standard,Monthly,662.0,19.0,1.0
732.0,35.0,Female,10.0,29.0,9.0,21.0,Basic,Monthly,497.0,5.0,1.0
733.0,59.0,Male,29.0,13.0,0.0,3.0,Premium,Quarterly,737.0,9.0,1.0
734.0,52.0,Female,56.0,14.0,6.0,21.0,Standard,Annual,500.0,10.0,1.0
735.0,34.0,Female,4.0,1.0,5.0,10.0,Standard,Monthly,369.0,22.0,1.0
736.0,57.0,Female,53.0,28.0,5.0,23.0,Basic,Annual,373.0,5.0,1.0
737.0,52.0,Female,2.0,16.0,9.0,12.0,Basic,Quarterly,652.0,9.0,1.0
738.0,59.0,Male,32.0,2.0,7.0,11.0,Standard,Quarterly,535.0,27.0,1.0
739.0,36.0,Female,34.0,5.0,1.0,11.0,Premium,Annual,516.0,21.0,1.0
740.0,43.0,Male,51.0,2.0,10.0,22.0,Premium,Quarterly,244.0,20.0,1.0
741.0,30.0,Male,7.0,20.0,3.0,22.0,Standard,Quarterly,696.0,27.0,1.0
742.0,45.0,Male,48.0,19.0,9.0,10.0,Standard,Monthly,801.0,4.0,1.0
743.0,18.0,Female,19.0,14.0,7.0,11.0,Standard,Monthly,863.0,29.0,1.0
744.0,24.0,Female,26.0,12.0,7.0,22.0,Basic,Monthly,776.0,3.0,1.0
745.0,31.0,Female,16.0,15.0,6.0,0.0,Premium,Annual,105.0,28.0,1.0
746.0,35.0,Female,39.0,7.0,1.0,15.0,Standard,Annual,109.0,18.0,1.0
747.0,40.0,Female,9.0,14.0,4.0,12.0,Premium,Quarterly,678.0,5.0,0.0
748.0,31.0,Male,41.0,30.0,7.0,10.0,Basic,Annual,264.0,29.0,1.0
749.0,26.0,Male,24.0,14.0,7.0,3.0,Premium,Quarterly,743.0,10.0,1.0
750.0,59.0,Male,8.0,3.0,6.0,23.0,Standard,Annual,548.0,9.0,1.0
751.0,65.0,Female,30.0,10.0,7.0,12.0,Standard,Annual,734.0,10.0,1.0
752.0,48.0,Male,58.0,15.0,8.0,1.0,Standard,Monthly,876.0,20.0,1.0
753.0,59.0,Female,10.0,9.0,2.0,7.0,Standard,Quarterly,858.0,1.0,1.0
754.0,33.0,Male,21.0,10.0,3.0,27.0,Basic,Monthly,769.0,22.0,1.0
755.0,47.0,Female,53.0,30.0,0.0,10.0,Basic,Annual,213.0,17.0,1.0
756.0,56.0,Male,27.0,28.0,1.0,27.0,Premium,Annual,380.0,22.0,1.0
757.0,47.0,Male,53.0,30.0,4.0,28.0,Premium,Monthly,154.0,7.0,1.0
758.0,36.0,Female,25.0,2.0,4.0,29.0,Basic,Monthly,343.0,11.0,1.0
759.0,39.0,Male,2.0,9.0,0.0,13.0,Premium,Monthly,287.0,4.0,1.0
760.0,33.0,Female,10.0,8.0,8.0,15.0,Standard,Quarterly,275.0,24.0,1.0
761.0,60.0,Female,30.0,8.0,6.0,8.0,Premium,Annual,334.0,15.0,1.0
762.0,33.0,Female,58.0,24.0,8.0,3.0,Standard,Monthly,581.0,23.0,1.0
763.0,48.0,Female,47.0,17.0,9.0,0.0,Standard,Quarterly,430.0,22.0,1.0
764.0,38.0,Female,22.0,3.0,10.0,3.0,Standard,Annual,496.0,21.0,1.0
765.0,29.0,Male,24.0,26.0,4.0,4.0,Premium,Monthly,553.0,4.0,1.0
766.0,40.0,Male,38.0,28.0,0.0,6.0,Basic,Quarterly,678.0,4.0,0.0
767.0,19.0,Female,9.0,23.0,2.0,29.0,Premium,Annual,108.0,27.0,1.0
768.0,42.0,Female,54.0,3.0,9.0,22.0,Basic,Monthly,367.0,2.0,1.0
769.0,54.0,Male,16.0,14.0,4.0,24.0,Standard,Annual,136.0,27.0,1.0
770.0,22.0,Male,1.0,24.0,1.0,18.0,Basic,Annual,638.0,14.0,1.0
771.0,35.0,Male,24.0,19.0,6.0,4.0,Basic,Annual,181.0,4.0,1.0
772.0,42.0,Female,7.0,25.0,6.0,19.0,Premium,Quarterly,346.0,2.0,1.0
773.0,22.0,Female,35.0,6.0,1.0,6.0,Premium,Monthly,743.0,28.0,1.0
774.0,62.0,Male,29.0,27.0,10.0,16.0,Standard,Quarterly,953.0,20.0,1.0
775.0,19.0,Female,12.0,17.0,6.0,15.0,Premium,Monthly,695.0,10.0,1.0
776.0,63.0,Female,39.0,3.0,4.0,18.0,Standard,Monthly,683.0,1.0,1.0
777.0,56.0,Male,54.0,11.0,10.0,0.0,Basic,Quarterly,418.0,30.0,1.0
778.0,45.0,Female,35.0,27.0,7.0,25.0,Basic,Monthly,490.0,17.0,1.0
779.0,28.0,Male,20.0,19.0,9.0,4.0,Standard,Annual,609.0,18.0,1.0
780.0,43.0,Male,29.0,13.0,0.0,12.0,Standard,Quarterly,756.0,29.0,0.0
781.0,21.0,Male,40.0,13.0,3.0,1.0,Standard,Quarterly,640.0,8.0,1.0
782.0,56.0,Female,58.0,24.0,8.0,16.0,Standard,Monthly,675.0,15.0,1.0
783.0,33.0,Female,7.0,21.0,1.0,14.0,Basic,Annual,713.0,22.0,1.0
784.0,53.0,Male,52.0,22.0,8.0,12.0,Premium,Annual,737.0,17.0,1.0
785.0,57.0,Male,21.0,9.0,4.0,6.0,Standard,Annual,956.0,26.0,1.0
786.0,35.0,Female,47.0,4.0,0.0,14.0,Standard,Quarterly,306.0,11.0,1.0
787.0,30.0,Female,29.0,3.0,4.0,3.0,Basic,Monthly,230.0,24.0,1.0
788.0,39.0,Male,12.0,7.0,3.0,21.0,Premium,Monthly,804.0,3.0,1.0
789.0,27.0,Female,36.0,27.0,4.0,19.0,Standard,Annual,910.0,15.0,1.0
790.0,52.0,Female,21.0,27.0,7.0,9.0,Premium,Quarterly,594.0,17.0,1.0
791.0,52.0,Male,7.0,29.0,9.0,26.0,Basic,Annual,209.0,26.0,1.0
792.0,22.0,Female,1.0,30.0,6.0,0.0,Basic,Monthly,639.0,23.0,1.0
793.0,27.0,Male,12.0,8.0,2.0,25.0,Basic,Monthly,138.0,8.0,1.0
794.0,53.0,Female,38.0,11.0,1.0,14.0,Standard,Annual,682.0,20.0,1.0
795.0,24.0,Male,51.0,16.0,8.0,22.0,Basic,Quarterly,946.0,29.0,1.0
796.0,62.0,Male,34.0,26.0,8.0,27.0,Basic,Annual,175.0,24.0,1.0
797.0,31.0,Female,42.0,23.0,4.0,17.0,Basic,Annual,485.0,29.0,1.0
798.0,52.0,Male,27.0,9.0,5.0,24.0,Premium,Monthly,116.0,9.0,1.0
799.0,55.0,Male,2.0,25.0,6.0,3.0,Premium,Monthly,963.0,17.0,1.0
800.0,23.0,Male,52.0,14.0,5.0,25.0,Premium,Annual,105.0,2.0,1.0
801.0,48.0,Male,7.0,28.0,8.0,1.0,Standard,Monthly,537.0,1.0,1.0
802.0,37.0,Male,34.0,24.0,9.0,8.0,Standard,Monthly,242.0,4.0,1.0
803.0,41.0,Female,30.0,29.0,10.0,3.0,Premium,Annual,198.0,25.0,1.0
804.0,51.0,Female,4.0,4.0,5.0,9.0,Standard,Annual,505.0,29.0,1.0
805.0,29.0,Female,55.0,2.0,8.0,0.0,Standard,Annual,633.0,29.0,1.0
806.0,35.0,Male,7.0,10.0,7.0,3.0,Standard,Monthly,307.0,5.0,1.0
807.0,29.0,Male,40.0,22.0,4.0,24.0,Premium,Quarterly,283.0,5.0,1.0
808.0,45.0,Male,30.0,16.0,1.0,14.0,Premium,Monthly,259.0,6.0,1.0
809.0,38.0,Male,40.0,21.0,0.0,11.0,Premium,Quarterly,691.0,5.0,0.0
810.0,27.0,Male,4.0,12.0,2.0,26.0,Basic,Annual,579.0,12.0,1.0
811.0,44.0,Female,57.0,23.0,1.0,16.0,Premium,Monthly,880.0,25.0,1.0
812.0,53.0,Female,38.0,22.0,2.0,9.0,Basic,Monthly,563.0,6.0,1.0
813.0,26.0,Male,2.0,23.0,4.0,29.0,Basic,Monthly,841.0,6.0,1.0
814.0,43.0,Male,54.0,13.0,9.0,24.0,Premium,Quarterly,561.0,19.0,1.0
815.0,43.0,Female,12.0,30.0,7.0,11.0,Standard,Annual,752.0,1.0,1.0
816.0,27.0,Female,28.0,19.0,4.0,9.0,Standard,Monthly,341.0,10.0,1.0
817.0,28.0,Male,52.0,23.0,6.0,10.0,Standard,Quarterly,627.0,9.0,1.0
818.0,50.0,Female,17.0,29.0,3.0,24.0,Premium,Quarterly,338.0,12.0,1.0
819.0,21.0,Male,52.0,9.0,3.0,19.0,Premium,Quarterly,945.0,23.0,1.0
820.0,34.0,Female,4.0,16.0,4.0,17.0,Standard,Quarterly,988.0,11.0,1.0
821.0,54.0,Female,30.0,26.0,10.0,11.0,Standard,Monthly,570.0,14.0,1.0
822.0,25.0,Female,45.0,10.0,1.0,28.0,Basic,Annual,426.0,3.0,1.0
823.0,29.0,Male,57.0,23.0,10.0,12.0,Standard,Quarterly,145.0,8.0,1.0
824.0,35.0,Male,32.0,23.0,5.0,19.0,Premium,Annual,137.0,28.0,1.0
825.0,22.0,Male,34.0,2.0,3.0,3.0,Premium,Annual,924.0,21.0,1.0
826.0,45.0,Male,50.0,10.0,8.0,29.0,Standard,Annual,444.0,21.0,1.0
827.0,23.0,Female,58.0,14.0,8.0,21.0,Standard,Annual,737.0,16.0,1.0
828.0,63.0,Male,58.0,13.0,5.0,3.0,Basic,Monthly,291.0,18.0,1.0
829.0,63.0,Female,40.0,5.0,10.0,21.0,Basic,Quarterly,151.0,16.0,1.0
830.0,35.0,Male,2.0,27.0,8.0,29.0,Premium,Annual,537.0,4.0,1.0
831.0,29.0,Female,14.0,8.0,5.0,18.0,Basic,Monthly,969.0,27.0,1.0
832.0,19.0,Male,41.0,5.0,6.0,9.0,Basic,Annual,737.0,25.0,1.0
833.0,43.0,Female,35.0,22.0,2.0,7.0,Standard,Monthly,188.0,18.0,1.0
834.0,49.0,Male,15.0,4.0,3.0,7.0,Standard,Monthly,189.0,26.0,1.0
835.0,39.0,Male,7.0,20.0,1.0,15.0,Premium,Monthly,873.0,7.0,1.0
836.0,30.0,Female,59.0,29.0,6.0,30.0,Premium,Annual,952.0,27.0,1.0
837.0,40.0,Female,38.0,1.0,4.0,5.0,Premium,Quarterly,669.0,30.0,1.0
838.0,24.0,Male,37.0,10.0,2.0,6.0,Premium,Quarterly,392.0,28.0,1.0
839.0,64.0,Male,2.0,3.0,4.0,2.0,Standard,Quarterly,836.0,21.0,1.0
840.0,25.0,Female,18.0,22.0,0.0,22.0,Basic,Monthly,202.0,18.0,1.0
841.0,23.0,Female,34.0,6.0,3.0,23.0,Basic,Quarterly,487.0,8.0,1.0
842.0,49.0,Female,30.0,27.0,9.0,18.0,Basic,Monthly,466.0,11.0,1.0
843.0,46.0,Female,7.0,13.0,4.0,15.0,Premium,Annual,945.0,13.0,0.0
844.0,56.0,Female,18.0,5.0,1.0,23.0,Standard,Annual,704.0,20.0,1.0
845.0,38.0,Male,10.0,21.0,6.0,12.0,Premium,Monthly,540.0,12.0,1.0
846.0,53.0,Female,26.0,23.0,8.0,11.0,Standard,Annual,485.0,11.0,1.0
847.0,44.0,Female,28.0,15.0,10.0,23.0,Basic,Monthly,486.0,16.0,1.0
848.0,18.0,Female,43.0,3.0,0.0,6.0,Standard,Annual,173.0,12.0,1.0
849.0,38.0,Female,60.0,5.0,5.0,28.0,Basic,Quarterly,424.0,30.0,1.0
850.0,59.0,Female,26.0,1.0,4.0,1.0,Premium,Annual,996.0,13.0,1.0
851.0,21.0,Male,24.0,16.0,9.0,5.0,Basic,Monthly,189.0,10.0,1.0
852.0,61.0,Female,35.0,3.0,8.0,10.0,Basic,Annual,674.0,7.0,1.0
853.0,56.0,Female,18.0,18.0,1.0,26.0,Basic,Annual,957.0,5.0,1.0
854.0,41.0,Male,59.0,3.0,8.0,8.0,Premium,Quarterly,819.0,13.0,1.0
855.0,37.0,Male,39.0,21.0,5.0,28.0,Basic,Monthly,467.0,16.0,1.0
856.0,48.0,Female,36.0,5.0,4.0,29.0,Standard,Quarterly,150.0,1.0,1.0
857.0,54.0,Male,60.0,21.0,1.0,20.0,Standard,Quarterly,455.0,20.0,1.0
858.0,29.0,Female,22.0,8.0,8.0,1.0,Premium,Monthly,925.0,21.0,1.0
859.0,31.0,Female,10.0,5.0,10.0,3.0,Standard,Monthly,355.0,30.0,1.0
860.0,22.0,Female,12.0,2.0,6.0,13.0,Standard,Annual,488.0,12.0,1.0
861.0,46.0,Male,54.0,16.0,9.0,15.0,Standard,Quarterly,592.0,25.0,1.0
862.0,47.0,Male,60.0,2.0,10.0,10.0,Premium,Quarterly,657.0,22.0,1.0
863.0,27.0,Female,24.0,4.0,4.0,28.0,Standard,Monthly,352.0,4.0,1.0
864.0,40.0,Female,47.0,4.0,1.0,5.0,Premium,Annual,603.0,7.0,0.0
865.0,26.0,Male,40.0,4.0,10.0,26.0,Basic,Annual,934.0,7.0,1.0
866.0,19.0,Female,22.0,28.0,7.0,10.0,Basic,Monthly,752.0,16.0,1.0
867.0,63.0,Female,37.0,25.0,0.0,10.0,Standard,Quarterly,399.0,12.0,1.0
868.0,62.0,Female,16.0,20.0,4.0,19.0,Basic,Quarterly,364.0,26.0,1.0
869.0,18.0,Male,12.0,10.0,0.0,7.0,Standard,Quarterly,482.0,17.0,1.0
870.0,34.0,Female,28.0,14.0,9.0,28.0,Basic,Annual,439.0,14.0,1.0
871.0,27.0,Male,36.0,3.0,8.0,6.0,Premium,Monthly,909.0,22.0,1.0
872.0,35.0,Female,8.0,30.0,3.0,13.0,Premium,Quarterly,582.0,6.0,0.0
873.0,64.0,Female,38.0,9.0,3.0,4.0,Basic,Quarterly,588.0,11.0,1.0
874.0,41.0,Female,12.0,8.0,8.0,1.0,Premium,Annual,863.0,1.0,1.0
875.0,27.0,Male,1.0,3.0,4.0,27.0,Standard,Annual,715.0,23.0,1.0
876.0,27.0,Female,16.0,19.0,10.0,25.0,Premium,Monthly,449.0,1.0,1.0
877.0,31.0,Female,19.0,27.0,9.0,11.0,Premium,Quarterly,493.0,29.0,1.0
878.0,30.0,Female,19.0,16.0,4.0,21.0,Premium,Quarterly,396.0,30.0,1.0
879.0,40.0,Female,60.0,20.0,1.0,4.0,Basic,Quarterly,818.0,12.0,0.0
880.0,46.0,Male,1.0,21.0,6.0,12.0,Basic,Monthly,550.0,28.0,1.0
881.0,20.0,Female,22.0,24.0,2.0,22.0,Premium,Annual,136.0,7.0,1.0
882.0,41.0,Male,20.0,1.0,4.0,4.0,Basic,Quarterly,495.0,2.0,1.0
883.0,19.0,Female,32.0,12.0,2.0,23.0,Premium,Monthly,413.0,9.0,1.0
884.0,49.0,Male,7.0,14.0,7.0,25.0,Premium,Annual,268.0,19.0,1.0
885.0,45.0,Female,40.0,20.0,1.0,26.0,Basic,Monthly,148.0,13.0,1.0
886.0,58.0,Female,57.0,16.0,10.0,28.0,Basic,Quarterly,673.0,15.0,1.0
887.0,57.0,Male,47.0,5.0,5.0,5.0,Premium,Monthly,981.0,26.0,1.0
888.0,20.0,Male,21.0,20.0,4.0,12.0,Premium,Quarterly,227.0,20.0,1.0
889.0,29.0,Male,46.0,20.0,1.0,20.0,Basic,Quarterly,569.0,26.0,0.0
890.0,62.0,Male,26.0,5.0,7.0,6.0,Standard,Monthly,554.0,14.0,1.0
891.0,34.0,Male,12.0,26.0,7.0,19.0,Premium,Quarterly,913.0,24.0,1.0
892.0,64.0,Female,2.0,28.0,7.0,28.0,Standard,Quarterly,321.0,6.0,1.0
893.0,34.0,Female,28.0,26.0,5.0,3.0,Basic,Quarterly,754.0,25.0,1.0
894.0,50.0,Female,54.0,27.0,4.0,22.0,Basic,Monthly,705.0,23.0,1.0
895.0,30.0,Male,60.0,17.0,6.0,22.0,Standard,Monthly,282.0,30.0,1.0
896.0,45.0,Male,44.0,20.0,5.0,24.0,Basic,Annual,549.0,23.0,1.0
897.0,19.0,Female,58.0,25.0,5.0,24.0,Standard,Quarterly,512.0,20.0,1.0
898.0,59.0,Male,48.0,12.0,5.0,29.0,Basic,Quarterly,182.0,21.0,1.0
899.0,18.0,Female,25.0,23.0,3.0,21.0,Basic,Monthly,193.0,9.0,1.0
900.0,41.0,Male,7.0,23.0,3.0,26.0,Standard,Monthly,299.0,16.0,1.0
901.0,38.0,Female,14.0,13.0,0.0,22.0,Premium,Annual,898.0,13.0,1.0
902.0,28.0,Female,50.0,3.0,3.0,25.0,Premium,Annual,546.0,23.0,1.0
903.0,58.0,Female,41.0,19.0,5.0,15.0,Standard,Quarterly,372.0,9.0,1.0
904.0,19.0,Female,15.0,22.0,3.0,13.0,Standard,Monthly,319.0,6.0,1.0
905.0,56.0,Female,23.0,26.0,3.0,12.0,Premium,Annual,458.0,15.0,1.0
906.0,65.0,Female,38.0,27.0,3.0,18.0,Premium,Quarterly,999.0,15.0,1.0
907.0,31.0,Female,50.0,30.0,7.0,18.0,Premium,Quarterly,149.0,27.0,1.0
908.0,61.0,Male,38.0,22.0,7.0,28.0,Premium,Annual,596.0,16.0,1.0
909.0,62.0,Female,20.0,13.0,7.0,26.0,Standard,Annual,960.0,19.0,1.0
910.0,59.0,Female,39.0,13.0,0.0,26.0,Standard,Annual,516.0,18.0,1.0
911.0,49.0,Female,59.0,11.0,6.0,11.0,Premium,Quarterly,198.0,28.0,1.0
912.0,59.0,Female,54.0,3.0,4.0,10.0,Basic,Monthly,154.0,13.0,1.0
913.0,56.0,Female,39.0,21.0,8.0,18.0,Standard,Annual,925.0,23.0,1.0
914.0,59.0,Female,7.0,7.0,6.0,2.0,Premium,Quarterly,252.0,24.0,1.0
915.0,57.0,Male,25.0,11.0,6.0,29.0,Standard,Annual,630.0,18.0,1.0
916.0,46.0,Female,10.0,5.0,2.0,15.0,Standard,Monthly,536.0,14.0,1.0
917.0,56.0,Male,29.0,22.0,1.0,0.0,Basic,Quarterly,635.0,25.0,1.0
918.0,34.0,Female,17.0,9.0,2.0,29.0,Premium,Annual,584.0,15.0,1.0
919.0,57.0,Male,58.0,3.0,0.0,13.0,Premium,Quarterly,994.0,14.0,1.0
920.0,36.0,Male,13.0,12.0,3.0,3.0,Basic,Monthly,148.0,18.0,1.0
921.0,60.0,Male,15.0,1.0,10.0,19.0,Premium,Annual,888.0,1.0,1.0
922.0,45.0,Female,53.0,1.0,0.0,11.0,Basic,Annual,890.0,29.0,1.0
923.0,18.0,Male,38.0,17.0,3.0,28.0,Standard,Quarterly,922.0,27.0,1.0
924.0,29.0,Male,14.0,19.0,8.0,12.0,Premium,Annual,882.0,2.0,1.0
925.0,24.0,Male,12.0,30.0,9.0,22.0,Premium,Annual,193.0,15.0,1.0
926.0,38.0,Female,11.0,23.0,9.0,22.0,Basic,Quarterly,788.0,2.0,1.0
927.0,51.0,Male,1.0,18.0,2.0,6.0,Premium,Annual,691.0,25.0,1.0
928.0,27.0,Male,25.0,24.0,8.0,26.0,Premium,Monthly,995.0,28.0,1.0
929.0,44.0,Male,45.0,28.0,0.0,5.0,Basic,Monthly,591.0,15.0,1.0
930.0,40.0,Female,13.0,14.0,10.0,22.0,Basic,Annual,237.0,30.0,1.0
931.0,52.0,Male,15.0,21.0,7.0,8.0,Premium,Monthly,324.0,16.0,1.0
932.0,20.0,Female,40.0,3.0,1.0,29.0,Standard,Quarterly,254.0,5.0,1.0
933.0,43.0,Female,45.0,12.0,10.0,20.0,Basic,Annual,362.0,13.0,1.0
934.0,65.0,Female,7.0,19.0,10.0,15.0,Standard,Quarterly,622.0,29.0,1.0
935.0,41.0,Female,24.0,28.0,3.0,22.0,Basic,Monthly,589.0,24.0,1.0
936.0,22.0,Female,59.0,30.0,4.0,28.0,Basic,Monthly,133.0,28.0,1.0
937.0,29.0,Male,9.0,24.0,6.0,16.0,Basic,Annual,358.0,14.0,1.0
938.0,55.0,Female,34.0,22.0,2.0,27.0,Basic,Quarterly,201.0,2.0,1.0
939.0,23.0,Female,56.0,23.0,2.0,4.0,Premium,Monthly,814.0,17.0,1.0
940.0,65.0,Male,43.0,6.0,7.0,11.0,Basic,Quarterly,134.0,14.0,1.0
941.0,32.0,Male,17.0,25.0,0.0,0.0,Premium,Annual,432.0,24.0,1.0
942.0,54.0,Male,2.0,25.0,2.0,7.0,Basic,Monthly,116.0,26.0,1.0
943.0,20.0,Female,28.0,13.0,5.0,9.0,Standard,Monthly,267.0,20.0,1.0
944.0,51.0,Female,21.0,7.0,1.0,4.0,Premium,Quarterly,218.0,13.0,1.0
945.0,59.0,Female,43.0,30.0,3.0,15.0,Basic,Quarterly,927.0,7.0,1.0
946.0,41.0,Male,18.0,4.0,4.0,26.0,Basic,Monthly,156.0,11.0,1.0
947.0,22.0,Male,18.0,3.0,1.0,16.0,Premium,Annual,560.0,22.0,1.0
948.0,26.0,Female,40.0,4.0,0.0,5.0,Premium,Quarterly,545.0,24.0,1.0
949.0,21.0,Male,9.0,7.0,6.0,30.0,Premium,Monthly,735.0,4.0,1.0
950.0,39.0,Male,23.0,19.0,6.0,29.0,Premium,Annual,394.0,9.0,1.0
951.0,63.0,Male,2.0,3.0,7.0,13.0,Basic,Annual,409.0,21.0,1.0
952.0,61.0,Male,4.0,26.0,3.0,24.0,Standard,Monthly,634.0,29.0,1.0
953.0,56.0,Female,12.0,24.0,6.0,23.0,Standard,Annual,553.0,13.0,1.0
954.0,24.0,Male,48.0,23.0,3.0,8.0,Premium,Monthly,436.0,14.0,1.0
955.0,20.0,Male,6.0,28.0,10.0,2.0,Premium,Quarterly,727.0,26.0,1.0
956.0,28.0,Male,54.0,1.0,6.0,10.0,Standard,Annual,616.0,6.0,1.0
957.0,32.0,Male,29.0,13.0,1.0,6.0,Premium,Quarterly,330.0,19.0,1.0
958.0,40.0,Male,57.0,8.0,10.0,20.0,Premium,Annual,599.0,20.0,1.0
959.0,20.0,Male,52.0,2.0,8.0,28.0,Standard,Quarterly,341.0,27.0,1.0
960.0,60.0,Male,6.0,16.0,1.0,30.0,Premium,Annual,436.0,26.0,1.0
961.0,22.0,Female,8.0,1.0,1.0,9.0,Standard,Quarterly,601.0,25.0,1.0
962.0,52.0,Female,47.0,4.0,6.0,11.0,Premium,Monthly,737.0,17.0,1.0
963.0,39.0,Male,41.0,3.0,8.0,14.0,Premium,Monthly,496.0,17.0,1.0
964.0,18.0,Female,57.0,25.0,8.0,1.0,Standard,Quarterly,538.0,19.0,1.0
965.0,28.0,Female,5.0,30.0,6.0,26.0,Basic,Monthly,841.0,4.0,1.0
966.0,55.0,Male,51.0,30.0,9.0,17.0,Premium,Quarterly,185.0,27.0,1.0
967.0,20.0,Male,22.0,2.0,6.0,0.0,Basic,Quarterly,530.0,25.0,1.0
968.0,33.0,Female,1.0,23.0,9.0,12.0,Premium,Annual,840.0,18.0,1.0
969.0,33.0,Female,50.0,9.0,1.0,20.0,Basic,Monthly,346.0,10.0,1.0
970.0,21.0,Male,43.0,7.0,1.0,5.0,Premium,Monthly,509.0,7.0,1.0
971.0,50.0,Female,52.0,21.0,3.0,21.0,Basic,Monthly,160.0,19.0,1.0
972.0,29.0,Female,26.0,26.0,7.0,25.0,Premium,Monthly,322.0,30.0,1.0
973.0,40.0,Male,42.0,18.0,10.0,23.0,Standard,Quarterly,265.0,23.0,1.0
974.0,60.0,Male,8.0,23.0,1.0,10.0,Standard,Monthly,724.0,7.0,1.0
975.0,38.0,Male,43.0,12.0,4.0,20.0,Basic,Annual,765.0,2.0,1.0
976.0,42.0,Male,16.0,10.0,9.0,28.0,Basic,Quarterly,227.0,8.0,1.0
977.0,33.0,Female,26.0,15.0,1.0,20.0,Premium,Monthly,169.0,6.0,1.0
978.0,41.0,Male,34.0,9.0,0.0,2.0,Basic,Monthly,386.0,22.0,1.0
979.0,49.0,Female,48.0,11.0,6.0,5.0,Basic,Monthly,285.0,10.0,1.0
980.0,53.0,Male,6.0,16.0,7.0,9.0,Basic,Annual,853.0,18.0,1.0
981.0,46.0,Female,7.0,13.0,7.0,21.0,Premium,Annual,203.0,26.0,1.0
982.0,42.0,Male,6.0,2.0,0.0,5.0,Standard,Annual,952.0,14.0,0.0
983.0,58.0,Female,6.0,23.0,0.0,10.0,Standard,Annual,422.0,27.0,1.0
984.0,23.0,Female,56.0,2.0,9.0,20.0,Basic,Quarterly,336.0,9.0,1.0
985.0,43.0,Male,29.0,11.0,0.0,1.0,Standard,Quarterly,821.0,20.0,0.0
986.0,65.0,Female,26.0,4.0,3.0,23.0,Basic,Monthly,858.0,4.0,1.0
987.0,59.0,Female,20.0,16.0,10.0,28.0,Basic,Monthly,949.0,3.0,1.0
988.0,41.0,Male,59.0,13.0,0.0,23.0,Basic,Annual,431.0,9.0,1.0
989.0,21.0,Male,20.0,5.0,0.0,2.0,Premium,Quarterly,510.0,26.0,1.0
990.0,46.0,Male,3.0,15.0,5.0,17.0,Standard,Quarterly,239.0,3.0,1.0
991.0,57.0,Female,26.0,27.0,1.0,4.0,Basic,Annual,561.0,28.0,1.0
992.0,19.0,Female,35.0,27.0,0.0,20.0,Standard,Quarterly,375.0,27.0,1.0
993.0,34.0,Male,54.0,13.0,9.0,29.0,Premium,Quarterly,783.0,4.0,1.0
994.0,19.0,Male,29.0,23.0,2.0,30.0,Standard,Quarterly,754.0,3.0,1.0
995.0,34.0,Female,5.0,1.0,7.0,3.0,Basic,Annual,836.0,19.0,1.0
996.0,32.0,Male,27.0,18.0,4.0,0.0,Basic,Monthly,488.0,14.0,1.0
997.0,63.0,Male,2.0,29.0,7.0,23.0,Premium,Quarterly,653.0,8.0,1.0
998.0,41.0,Female,57.0,20.0,7.0,28.0,Basic,Monthly,339.0,3.0,1.0
999.0,30.0,Male,40.0,16.0,10.0,5.0,Basic,Annual,264.0,2.0,1.0
1000.0,38.0,Male,54.0,22.0,6.0,15.0,Basic,Monthly,445.0,17.0,1.0
1001.0,36.0,Female,39.0,14.0,4.0,14.0,Basic,Monthly,487.0,18.0,1.0
1002.0,47.0,Female,56.0,12.0,5.0,5.0,Standard,Quarterly,612.0,11.0,1.0
1003.0,37.0,Male,26.0,13.0,9.0,29.0,Premium,Annual,332.0,5.0,1.0
1004.0,50.0,Female,60.0,28.0,1.0,2.0,Standard,Monthly,950.0,1.0,1.0
1005.0,48.0,Male,53.0,25.0,0.0,23.0,Basic,Annual,489.0,23.0,1.0
1006.0,63.0,Female,50.0,28.0,9.0,8.0,Standard,Annual,347.0,27.0,1.0
1007.0,52.0,Male,6.0,7.0,2.0,12.0,Standard,Annual,501.0,3.0,1.0
